Order,Group,1,2,3,4,5,6,7,8,9,10,11,12,13,14,15,16,17,18,19,20,,,,,,,,,,,,,,,,,,,,,,,,,,,,,,,,,,,,,,,,,,,,,,,,,,,,,,,,,,,,,,,,,,,,,,,,,,,,,,,,,,,,,,,,,,,,,,,,,,,,,,,,,,,,,,,,,,,,,,,,,,,,,,,,,,,,,,,,,,,,,,,,,,,,,,,,,,,,,,,,,,,,,,,,,,,,,,,,,,,,,,,,,,,,,,,,,,
21,2,0.0269394,0.212481308,0.421938647,0.072731082,0.476999498,0.205333822,0.205333822,0.006581646,0.092208478,0.026791243,0.030235816,0.270381597,0.610999342,0.028482472,0.0662245,0.108262497,0.027443689,0.024917749,7.887380862,15.66251093,,,,,,,,,,,,,,,,,,,,,,,,,,,,,,,,,,,,,,,,,,,,,,,,,,,,,,,,,,,,,,,,,,,,,,,,,,,,,,,,,,,,,,,,,,,,,,,,,,,,,,,,,,,,,,,,,,,,,,,,,,,,,,,,,,,,,,,,,,,,,,,,,,,,,,,,,,,,,,,,,,,,,,,,,,,,,,,,,,,,,,,,,,,,,,,,,,
71,2,0.004056653,0.104999071,0.014279731,0.024105957,0.167094773,0.046367984,0.046367984,0.004056653,0.009467227,0.004526696,0.02750701,0.042739356,0.11958394,0.012600771,0.093716269,0.057790876,0.010800867,0.006782701,25.88317783,3.520077019,,,,,,,,,,,,,,,,,,,,,,,,,,,,,,,,,,,,,,,,,,,,,,,,,,,,,,,,,,,,,,,,,,,,,,,,,,,,,,,,,,,,,,,,,,,,,,,,,,,,,,,,,,,,,,,,,,,,,,,,,,,,,,,,,,,,,,,,,,,,,,,,,,,,,,,,,,,,,,,,,,,,,,,,,,,,,,,,,,,,,,,,,,,,,,,,,,
50,2,0.004056653,0.570556469,0.171406702,0.02019163,0.061832702,0.054486707,0.054486707,0.004056653,0.035578904,0.004056653,0.034818176,0.016911493,0.105349418,0.012606111,0.053513534,0.047405147,0.009559972,0.006880627,140.6470972,42.25323241,,,,,,,,,,,,,,,,,,,,,,,,,,,,,,,,,,,,,,,,,,,,,,,,,,,,,,,,,,,,,,,,,,,,,,,,,,,,,,,,,,,,,,,,,,,,,,,,,,,,,,,,,,,,,,,,,,,,,,,,,,,,,,,,,,,,,,,,,,,,,,,,,,,,,,,,,,,,,,,,,,,,,,,,,,,,,,,,,,,,,,,,,,,,,,,,,,
14,2,0.014602305,4.650099858,0.022114445,0.007105695,0.156819962,0.070317455,0.069929573,0.009676791,1.738866233,0.013036936,0.045497719,0.052642238,0.427085986,0.014472526,0.051388914,0.024132263,0.006067359,0.005380797,318.4497145,1.514448917,,,,,,,,,,,,,,,,,,,,,,,,,,,,,,,,,,,,,,,,,,,,,,,,,,,,,,,,,,,,,,,,,,,,,,,,,,,,,,,,,,,,,,,,,,,,,,,,,,,,,,,,,,,,,,,,,,,,,,,,,,,,,,,,,,,,,,,,,,,,,,,,,,,,,,,,,,,,,,,,,,,,,,,,,,,,,,,,,,,,,,,,,,,,,,,,,,
74,2,0.045739012,0.36876884,0.019088228,0.006108264,0.278668387,0.064231711,0.064231711,0.010781874,0.241253784,0.045320953,0.035481582,0.057171985,0.272933997,0.018891392,0.049630096,0.050539158,0.005786996,0.005788497,8.062457493,0.417329259,,,,,,,,,,,,,,,,,,,,,,,,,,,,,,,,,,,,,,,,,,,,,,,,,,,,,,,,,,,,,,,,,,,,,,,,,,,,,,,,,,,,,,,,,,,,,,,,,,,,,,,,,,,,,,,,,,,,,,,,,,,,,,,,,,,,,,,,,,,,,,,,,,,,,,,,,,,,,,,,,,,,,,,,,,,,,,,,,,,,,,,,,,,,,,,,,,
9,2,0.008098186,0.235025541,0.182280343,0.025622084,0.046807751,0.03890402,0.037867213,0.005126471,0.014912191,0.006296479,0.028442974,0.217961311,0.355201141,0.021409993,0.113688117,0.134087638,0.011411326,0.012198301,29.02199838,22.50878691,,,,,,,,,,,,,,,,,,,,,,,,,,,,,,,,,,,,,,,,,,,,,,,,,,,,,,,,,,,,,,,,,,,,,,,,,,,,,,,,,,,,,,,,,,,,,,,,,,,,,,,,,,,,,,,,,,,,,,,,,,,,,,,,,,,,,,,,,,,,,,,,,,,,,,,,,,,,,,,,,,,,,,,,,,,,,,,,,,,,,,,,,,,,,,,,,,
32,2,0.019498917,0.683527006,0.035527196,0.014959372,0.430006029,0.069051009,0.067601157,0.011337416,0.138366586,0.018446757,0.033327409,0.075422196,0.15939779,0.01670487,0.033797399,0.036337224,0.008641437,0.013109645,35.05461385,1.822008679,,,,,,,,,,,,,,,,,,,,,,,,,,,,,,,,,,,,,,,,,,,,,,,,,,,,,,,,,,,,,,,,,,,,,,,,,,,,,,,,,,,,,,,,,,,,,,,,,,,,,,,,,,,,,,,,,,,,,,,,,,,,,,,,,,,,,,,,,,,,,,,,,,,,,,,,,,,,,,,,,,,,,,,,,,,,,,,,,,,,,,,,,,,,,,,,,,
20,2,0.004056653,0.060402839,0.015232417,0.007500019,0.149098523,0.01049292,0.010623318,0.004092035,0.001522641,0.004056653,0.027564775,0.047611505,0.033890757,0.012986475,0.037538328,0.022592462,0.005969068,0.006394118,14.88982149,3.754922346,,,,,,,,,,,,,,,,,,,,,,,,,,,,,,,,,,,,,,,,,,,,,,,,,,,,,,,,,,,,,,,,,,,,,,,,,,,,,,,,,,,,,,,,,,,,,,,,,,,,,,,,,,,,,,,,,,,,,,,,,,,,,,,,,,,,,,,,,,,,,,,,,,,,,,,,,,,,,,,,,,,,,,,,,,,,,,,,,,,,,,,,,,,,,,,,,,
168,2,0.015402529,1.036678761,0.155572884,0.022977097,0.152309431,0.015825322,0.015825322,0.028507734,0.859117715,0.01217735,0.032923716,0.038256305,0.059517367,0.013728557,0.031964579,0.023268071,0.010457979,0.006504389,67.30574966,10.10047662,,,,,,,,,,,,,,,,,,,,,,,,,,,,,,,,,,,,,,,,,,,,,,,,,,,,,,,,,,,,,,,,,,,,,,,,,,,,,,,,,,,,,,,,,,,,,,,,,,,,,,,,,,,,,,,,,,,,,,,,,,,,,,,,,,,,,,,,,,,,,,,,,,,,,,,,,,,,,,,,,,,,,,,,,,,,,,,,,,,,,,,,,,,,,,,,,,
28,2,0.036884932,6.041892945,0.103977726,0.017530557,0.299275534,0.217515419,0.21541095,0.089273133,0.948280702,0.017375311,0.067444793,0.208137662,0.935994826,0.016681334,0.161653076,0.283069875,0.008973129,0.006266973,163.803825,2.818975673,,,,,,,,,,,,,,,,,,,,,,,,,,,,,,,,,,,,,,,,,,,,,,,,,,,,,,,,,,,,,,,,,,,,,,,,,,,,,,,,,,,,,,,,,,,,,,,,,,,,,,,,,,,,,,,,,,,,,,,,,,,,,,,,,,,,,,,,,,,,,,,,,,,,,,,,,,,,,,,,,,,,,,,,,,,,,,,,,,,,,,,,,,,,,,,,,,
62,2,0.031621389,6.028034401,0.352036582,0.086246923,0.935893131,0.161861146,0.161077865,0.036065237,0.211821436,0.026489193,0.144198142,0.172544241,0.654040352,0.046366177,0.106163808,0.117714759,0.014016086,0.009236181,190.6315501,11.1328627,,,,,,,,,,,,,,,,,,,,,,,,,,,,,,,,,,,,,,,,,,,,,,,,,,,,,,,,,,,,,,,,,,,,,,,,,,,,,,,,,,,,,,,,,,,,,,,,,,,,,,,,,,,,,,,,,,,,,,,,,,,,,,,,,,,,,,,,,,,,,,,,,,,,,,,,,,,,,,,,,,,,,,,,,,,,,,,,,,,,,,,,,,,,,,,,,,
34,2,0.009946103,0.093194557,0.055085058,0.047063665,0.417022987,0.027363873,0.027363873,0.004107424,0.014201593,0.011949866,0.029291106,0.093226904,0.183878606,0.01385185,0.043740322,0.068544267,0.017528397,0.01373698,9.369956957,5.538355877,,,,,,,,,,,,,,,,,,,,,,,,,,,,,,,,,,,,,,,,,,,,,,,,,,,,,,,,,,,,,,,,,,,,,,,,,,,,,,,,,,,,,,,,,,,,,,,,,,,,,,,,,,,,,,,,,,,,,,,,,,,,,,,,,,,,,,,,,,,,,,,,,,,,,,,,,,,,,,,,,,,,,,,,,,,,,,,,,,,,,,,,,,,,,,,,,,
43,2,0.004623753,0.884556498,0.062442512,0.013210309,0.047752834,0.028390077,0.029388648,0.004056653,0.12899563,0.00849274,0.032001306,0.084321235,0.222678166,0.012588547,0.101710958,0.116207574,0.00797578,0.006470854,191.3070395,13.50472484,,,,,,,,,,,,,,,,,,,,,,,,,,,,,,,,,,,,,,,,,,,,,,,,,,,,,,,,,,,,,,,,,,,,,,,,,,,,,,,,,,,,,,,,,,,,,,,,,,,,,,,,,,,,,,,,,,,,,,,,,,,,,,,,,,,,,,,,,,,,,,,,,,,,,,,,,,,,,,,,,,,,,,,,,,,,,,,,,,,,,,,,,,,,,,,,,,
19,2,0.021940973,7.214175408,0.503357565,0.086853428,0.256280145,1.171173938,1.171173938,0.018427277,0.771099275,0.026792422,0.084946249,0.024479009,0.433528465,0.01620231,0.044794012,0.062692985,0.029375574,0.014333064,328.7992473,22.94144225,,,,,,,,,,,,,,,,,,,,,,,,,,,,,,,,,,,,,,,,,,,,,,,,,,,,,,,,,,,,,,,,,,,,,,,,,,,,,,,,,,,,,,,,,,,,,,,,,,,,,,,,,,,,,,,,,,,,,,,,,,,,,,,,,,,,,,,,,,,,,,,,,,,,,,,,,,,,,,,,,,,,,,,,,,,,,,,,,,,,,,,,,,,,,,,,,,
42,2,0.02681494,2.448818512,0.111425673,0.010786814,0.033776496,0.006855018,0.006467476,0.004056653,1.335060888,0.045881715,0.037441295,0.273727796,0.115428128,0.012693366,0.116028184,0.052086667,0.007297536,0.005780081,91.32291596,4.155357909,,,,,,,,,,,,,,,,,,,,,,,,,,,,,,,,,,,,,,,,,,,,,,,,,,,,,,,,,,,,,,,,,,,,,,,,,,,,,,,,,,,,,,,,,,,,,,,,,,,,,,,,,,,,,,,,,,,,,,,,,,,,,,,,,,,,,,,,,,,,,,,,,,,,,,,,,,,,,,,,,,,,,,,,,,,,,,,,,,,,,,,,,,,,,,,,,,
63,2,0.021419306,0.541882698,0.006319651,0.005347267,-0.004194735,0.029200282,0.029030398,0.01291724,0.238375746,0.022288058,0.033872642,0.034679611,0.053536608,0.012742988,0.034908448,0.037147489,0.005347267,0.005347267,25.2987981,0.29504462,,,,,,,,,,,,,,,,,,,,,,,,,,,,,,,,,,,,,,,,,,,,,,,,,,,,,,,,,,,,,,,,,,,,,,,,,,,,,,,,,,,,,,,,,,,,,,,,,,,,,,,,,,,,,,,,,,,,,,,,,,,,,,,,,,,,,,,,,,,,,,,,,,,,,,,,,,,,,,,,,,,,,,,,,,,,,,,,,,,,,,,,,,,,,,,,,,
220,2,0.027045017,6.553465456,0.738850374,0.12411106,0.220197343,0.101879724,0.101879724,0.025443041,0.648938771,0.020606785,0.060401476,0.09399993,0.595933222,0.026179908,0.044827538,0.052086667,0.039456191,0.020299472,242.3169287,27.31927933,,,,,,,,,,,,,,,,,,,,,,,,,,,,,,,,,,,,,,,,,,,,,,,,,,,,,,,,,,,,,,,,,,,,,,,,,,,,,,,,,,,,,,,,,,,,,,,,,,,,,,,,,,,,,,,,,,,,,,,,,,,,,,,,,,,,,,,,,,,,,,,,,,,,,,,,,,,,,,,,,,,,,,,,,,,,,,,,,,,,,,,,,,,,,,,,,,
33,2,0.019826596,0.36790466,0.010538253,0.006709286,0.998578387,0.205852643,0.205852643,0.004143301,0.087262072,0.019554163,0.032093888,0.020643783,0.34301503,0.013031731,0.063886209,0.022576303,0.005779492,0.005684758,18.55611826,0.531521044,,,,,,,,,,,,,,,,,,,,,,,,,,,,,,,,,,,,,,,,,,,,,,,,,,,,,,,,,,,,,,,,,,,,,,,,,,,,,,,,,,,,,,,,,,,,,,,,,,,,,,,,,,,,,,,,,,,,,,,,,,,,,,,,,,,,,,,,,,,,,,,,,,,,,,,,,,,,,,,,,,,,,,,,,,,,,,,,,,,,,,,,,,,,,,,,,,
17,2,0.014632192,0.560764935,0.129375258,0.018026903,0.076010198,0.01611906,0.01611906,0.010422511,0.120494082,0.012971289,0.03024528,0.153984824,0.522280383,0.015356724,0.070056602,0.039080429,0.009206168,0.008683999,38.32405527,8.841823426,,,,,,,,,,,,,,,,,,,,,,,,,,,,,,,,,,,,,,,,,,,,,,,,,,,,,,,,,,,,,,,,,,,,,,,,,,,,,,,,,,,,,,,,,,,,,,,,,,,,,,,,,,,,,,,,,,,,,,,,,,,,,,,,,,,,,,,,,,,,,,,,,,,,,,,,,,,,,,,,,,,,,,,,,,,,,,,,,,,,,,,,,,,,,,,,,,
25,2,0.023675967,0.436994583,0.012247741,0.009315069,0.111856105,0.090028103,0.09024938,0.013422936,0.244682294,0.02414028,0.031848043,0.022703958,0.131090757,0.012742953,0.038824439,0.023390476,0.006498458,0.005694655,18.45730664,0.517306896,,,,,,,,,,,,,,,,,,,,,,,,,,,,,,,,,,,,,,,,,,,,,,,,,,,,,,,,,,,,,,,,,,,,,,,,,,,,,,,,,,,,,,,,,,,,,,,,,,,,,,,,,,,,,,,,,,,,,,,,,,,,,,,,,,,,,,,,,,,,,,,,,,,,,,,,,,,,,,,,,,,,,,,,,,,,,,,,,,,,,,,,,,,,,,,,,,
69,2,0.005990898,0.418106959,0.011548702,0.008276334,0.266052498,0.034943843,0.034943843,0.004056653,0.054882791,0.005393617,0.027807452,0.02931969,0.041554532,0.012618379,0.042013144,0.024217253,0.006154384,0.006699302,69.79036515,1.927708,,,,,,,,,,,,,,,,,,,,,,,,,,,,,,,,,,,,,,,,,,,,,,,,,,,,,,,,,,,,,,,,,,,,,,,,,,,,,,,,,,,,,,,,,,,,,,,,,,,,,,,,,,,,,,,,,,,,,,,,,,,,,,,,,,,,,,,,,,,,,,,,,,,,,,,,,,,,,,,,,,,,,,,,,,,,,,,,,,,,,,,,,,,,,,,,,,
12,2,0.067773211,0.943072301,0.007124705,0.005347267,0.447353676,2.068845084,2.068845084,0.008190934,1.437486129,0.026216085,0.03149226,0.055236026,0.427187928,0.012666387,0.079402753,0.078312821,0.005375398,0.005495422,13.91511907,0.105125682,,,,,,,,,,,,,,,,,,,,,,,,,,,,,,,,,,,,,,,,,,,,,,,,,,,,,,,,,,,,,,,,,,,,,,,,,,,,,,,,,,,,,,,,,,,,,,,,,,,,,,,,,,,,,,,,,,,,,,,,,,,,,,,,,,,,,,,,,,,,,,,,,,,,,,,,,,,,,,,,,,,,,,,,,,,,,,,,,,,,,,,,,,,,,,,,,,
177,2,0.008943555,0.093421805,0.021274585,0.007986771,0.196086288,0.043600396,0.04335147,0.004056653,0.019112471,0.009100084,0.028785739,0.024689571,0.057344804,0.012642068,0.03316096,0.025130073,0.006256322,0.006258659,10.44571258,2.378761577,,,,,,,,,,,,,,,,,,,,,,,,,,,,,,,,,,,,,,,,,,,,,,,,,,,,,,,,,,,,,,,,,,,,,,,,,,,,,,,,,,,,,,,,,,,,,,,,,,,,,,,,,,,,,,,,,,,,,,,,,,,,,,,,,,,,,,,,,,,,,,,,,,,,,,,,,,,,,,,,,,,,,,,,,,,,,,,,,,,,,,,,,,,,,,,,,,
77,2,0.005195779,2.798023606,0.094328808,0.009037646,0.048616528,0.036081519,0.036081519,0.006904467,1.17630002,0.008397044,0.053976843,0.074329832,0.149033772,0.012592192,0.067808392,0.035819928,0.006572262,0.005625876,538.5185948,18.15489227,,,,,,,,,,,,,,,,,,,,,,,,,,,,,,,,,,,,,,,,,,,,,,,,,,,,,,,,,,,,,,,,,,,,,,,,,,,,,,,,,,,,,,,,,,,,,,,,,,,,,,,,,,,,,,,,,,,,,,,,,,,,,,,,,,,,,,,,,,,,,,,,,,,,,,,,,,,,,,,,,,,,,,,,,,,,,,,,,,,,,,,,,,,,,,,,,,
163,2,0.089890469,1.54352533,0.00759702,0.006433355,0.905497048,0.826164752,0.82571284,0.071742748,1.357031005,0.075167342,0.029157544,0.272860551,0.836881545,0.01272091,0.267277135,0.093447773,0.00552174,0.006824465,17.17117896,0.084514188,,,,,,,,,,,,,,,,,,,,,,,,,,,,,,,,,,,,,,,,,,,,,,,,,,,,,,,,,,,,,,,,,,,,,,,,,,,,,,,,,,,,,,,,,,,,,,,,,,,,,,,,,,,,,,,,,,,,,,,,,,,,,,,,,,,,,,,,,,,,,,,,,,,,,,,,,,,,,,,,,,,,,,,,,,,,,,,,,,,,,,,,,,,,,,,,,,
10,2,0.021542228,2.494415979,0.02885913,0.011993136,0.402389138,0.027152691,0.027152691,0.024114536,0.348404377,0.021225636,0.033103989,0.074928792,0.274829688,0.013528361,0.058721976,0.03376149,0.007356422,0.005906404,115.7919218,1.339653911,,,,,,,,,,,,,,,,,,,,,,,,,,,,,,,,,,,,,,,,,,,,,,,,,,,,,,,,,,,,,,,,,,,,,,,,,,,,,,,,,,,,,,,,,,,,,,,,,,,,,,,,,,,,,,,,,,,,,,,,,,,,,,,,,,,,,,,,,,,,,,,,,,,,,,,,,,,,,,,,,,,,,,,,,,,,,,,,,,,,,,,,,,,,,,,,,,
196,2,0.059751446,0.710697133,0.061862854,0.021154783,0.408657253,0.090921473,0.090921473,0.005295567,0.434596047,0.057666402,0.041519948,0.039869116,0.411544794,0.013753992,0.122230057,0.045176065,0.009826925,0.006789268,11.89422484,1.035336517,,,,,,,,,,,,,,,,,,,,,,,,,,,,,,,,,,,,,,,,,,,,,,,,,,,,,,,,,,,,,,,,,,,,,,,,,,,,,,,,,,,,,,,,,,,,,,,,,,,,,,,,,,,,,,,,,,,,,,,,,,,,,,,,,,,,,,,,,,,,,,,,,,,,,,,,,,,,,,,,,,,,,,,,,,,,,,,,,,,,,,,,,,,,,,,,,,
26,2,0.024680664,0.071072491,0.012344849,0.00962678,0.20960183,0.088048307,0.088048307,0.004056653,0.061657585,0.014629326,0.028189593,0.086497712,0.123488182,0.01255887,0.111413948,0.0380308,0.006651792,0.005731477,2.879683099,0.500183018,,,,,,,,,,,,,,,,,,,,,,,,,,,,,,,,,,,,,,,,,,,,,,,,,,,,,,,,,,,,,,,,,,,,,,,,,,,,,,,,,,,,,,,,,,,,,,,,,,,,,,,,,,,,,,,,,,,,,,,,,,,,,,,,,,,,,,,,,,,,,,,,,,,,,,,,,,,,,,,,,,,,,,,,,,,,,,,,,,,,,,,,,,,,,,,,,,
72,2,0.019367405,0.146823941,0.005968425,0.005347267,0.301663387,0.132733578,0.132733578,0.00410015,0.137074986,0.02000928,0.028769481,0.01912336,0.17268426,0.013280856,0.024926338,0.024498663,0.005441766,0.005422866,7.580981603,0.308168544,,,,,,,,,,,,,,,,,,,,,,,,,,,,,,,,,,,,,,,,,,,,,,,,,,,,,,,,,,,,,,,,,,,,,,,,,,,,,,,,,,,,,,,,,,,,,,,,,,,,,,,,,,,,,,,,,,,,,,,,,,,,,,,,,,,,,,,,,,,,,,,,,,,,,,,,,,,,,,,,,,,,,,,,,,,,,,,,,,,,,,,,,,,,,,,,,,
53,2,0.012146352,0.199525185,0.00729558,0.005815121,0.760584487,0.220011987,0.220011987,0.005051068,0.177722968,0.011857318,0.029130285,0.028482582,0.238297046,0.01426417,0.145803662,0.069048866,0.005567279,0.005640617,16.42675801,0.600639599,,,,,,,,,,,,,,,,,,,,,,,,,,,,,,,,,,,,,,,,,,,,,,,,,,,,,,,,,,,,,,,,,,,,,,,,,,,,,,,,,,,,,,,,,,,,,,,,,,,,,,,,,,,,,,,,,,,,,,,,,,,,,,,,,,,,,,,,,,,,,,,,,,,,,,,,,,,,,,,,,,,,,,,,,,,,,,,,,,,,,,,,,,,,,,,,,,
216,2,0.005431604,0.041504798,0.039475808,0.009783105,0.000446663,0.00372502,0.00396965,0.004104065,0.023553528,0.005206407,0.027792654,0.019396663,0.007173791,0.01317537,0.023889478,0.024565426,0.006395073,0.007244473,7.641351984,7.267799346,,,,,,,,,,,,,,,,,,,,,,,,,,,,,,,,,,,,,,,,,,,,,,,,,,,,,,,,,,,,,,,,,,,,,,,,,,,,,,,,,,,,,,,,,,,,,,,,,,,,,,,,,,,,,,,,,,,,,,,,,,,,,,,,,,,,,,,,,,,,,,,,,,,,,,,,,,,,,,,,,,,,,,,,,,,,,,,,,,,,,,,,,,,,,,,,,,
64,2,0.058664599,0.339645901,0.173588087,0.127188271,1.292254373,1.349159497,1.349159497,0.008579736,0.583342746,0.063835425,0.036705693,0.085061375,0.721622022,0.017303654,0.393879048,0.128303805,0.038867173,0.01112752,5.789622818,2.958992134,,,,,,,,,,,,,,,,,,,,,,,,,,,,,,,,,,,,,,,,,,,,,,,,,,,,,,,,,,,,,,,,,,,,,,,,,,,,,,,,,,,,,,,,,,,,,,,,,,,,,,,,,,,,,,,,,,,,,,,,,,,,,,,,,,,,,,,,,,,,,,,,,,,,,,,,,,,,,,,,,,,,,,,,,,,,,,,,,,,,,,,,,,,,,,,,,,
11,2,0.004248486,0.136698384,0.065412098,0.021937631,0.88360597,0.026410106,0.027411684,0.004056653,0.010486898,0.004150234,0.027937093,0.138437888,0.139610273,0.01392266,0.046450543,0.049600839,0.009745924,0.008609157,32.1757878,15.39656668,,,,,,,,,,,,,,,,,,,,,,,,,,,,,,,,,,,,,,,,,,,,,,,,,,,,,,,,,,,,,,,,,,,,,,,,,,,,,,,,,,,,,,,,,,,,,,,,,,,,,,,,,,,,,,,,,,,,,,,,,,,,,,,,,,,,,,,,,,,,,,,,,,,,,,,,,,,,,,,,,,,,,,,,,,,,,,,,,,,,,,,,,,,,,,,,,,
49,2,0.004056653,0.362014398,0.058677799,0.01102848,0.062723831,0.008113637,0.008113637,0.004056653,0.114195525,0.004056653,0.032031137,0.030669449,0.158315584,0.012639939,0.080126889,0.090489045,0.006714449,0.005984098,89.23967566,14.46458423,,,,,,,,,,,,,,,,,,,,,,,,,,,,,,,,,,,,,,,,,,,,,,,,,,,,,,,,,,,,,,,,,,,,,,,,,,,,,,,,,,,,,,,,,,,,,,,,,,,,,,,,,,,,,,,,,,,,,,,,,,,,,,,,,,,,,,,,,,,,,,,,,,,,,,,,,,,,,,,,,,,,,,,,,,,,,,,,,,,,,,,,,,,,,,,,,,
222,2,0.025883081,2.396829054,0.184172514,0.015003246,0.085115638,0.023361094,0.023361094,0.004219537,1.290857266,0.023592834,0.038448857,0.181733353,0.085319738,0.013474604,0.04297637,0.02578932,0.007683426,0.007693757,92.60215405,7.115556065,,,,,,,,,,,,,,,,,,,,,,,,,,,,,,,,,,,,,,,,,,,,,,,,,,,,,,,,,,,,,,,,,,,,,,,,,,,,,,,,,,,,,,,,,,,,,,,,,,,,,,,,,,,,,,,,,,,,,,,,,,,,,,,,,,,,,,,,,,,,,,,,,,,,,,,,,,,,,,,,,,,,,,,,,,,,,,,,,,,,,,,,,,,,,,,,,,
66,2,0.011787118,2.534979622,0.124106994,0.022469555,0.332814767,0.032842702,0.032842702,0.004424771,2.900857035,0.008101359,0.032005728,0.077516727,0.103720489,0.013289982,0.115588008,0.027000798,0.008820084,0.006506865,215.0635653,10.52903636,,,,,,,,,,,,,,,,,,,,,,,,,,,,,,,,,,,,,,,,,,,,,,,,,,,,,,,,,,,,,,,,,,,,,,,,,,,,,,,,,,,,,,,,,,,,,,,,,,,,,,,,,,,,,,,,,,,,,,,,,,,,,,,,,,,,,,,,,,,,,,,,,,,,,,,,,,,,,,,,,,,,,,,,,,,,,,,,,,,,,,,,,,,,,,,,,,
52,2,0.005928198,0.427963038,0.025096291,0.008692394,0.047674328,0.025569278,0.025569278,0.011890404,0.021625323,0.006621977,0.028288346,0.018514173,0.045098836,0.012813896,0.037318584,0.0296307,0.006453574,0.006020517,72.1910837,4.233375977,,,,,,,,,,,,,,,,,,,,,,,,,,,,,,,,,,,,,,,,,,,,,,,,,,,,,,,,,,,,,,,,,,,,,,,,,,,,,,,,,,,,,,,,,,,,,,,,,,,,,,,,,,,,,,,,,,,,,,,,,,,,,,,,,,,,,,,,,,,,,,,,,,,,,,,,,,,,,,,,,,,,,,,,,,,,,,,,,,,,,,,,,,,,,,,,,,
39,2,0.006026859,0.14129391,0.073193617,0.035622517,0.302271951,0.057625187,0.057715952,0.004056653,0.15992512,0.004521078,0.029029169,0.094327092,0.301819969,0.012618203,0.046173952,0.030640954,0.01451582,0.009899215,23.44403776,12.14457099,,,,,,,,,,,,,,,,,,,,,,,,,,,,,,,,,,,,,,,,,,,,,,,,,,,,,,,,,,,,,,,,,,,,,,,,,,,,,,,,,,,,,,,,,,,,,,,,,,,,,,,,,,,,,,,,,,,,,,,,,,,,,,,,,,,,,,,,,,,,,,,,,,,,,,,,,,,,,,,,,,,,,,,,,,,,,,,,,,,,,,,,,,,,,,,,,,
4,2,0.022829985,2.203485354,0.042804993,0.014763646,0.347097613,0.192388494,0.192388494,0.013171804,0.087343034,0.021234367,0.03591055,0.052586581,0.151109296,0.013472039,0.035304975,0.030372251,0.008654089,0.006805257,96.51716171,1.874946173,,,,,,,,,,,,,,,,,,,,,,,,,,,,,,,,,,,,,,,,,,,,,,,,,,,,,,,,,,,,,,,,,,,,,,,,,,,,,,,,,,,,,,,,,,,,,,,,,,,,,,,,,,,,,,,,,,,,,,,,,,,,,,,,,,,,,,,,,,,,,,,,,,,,,,,,,,,,,,,,,,,,,,,,,,,,,,,,,,,,,,,,,,,,,,,,,,
41,2,0.052282173,1.095396306,0.056309385,0.007948773,0.500942608,0.150647517,0.150647517,0.01527189,0.491527009,0.045910949,0.034263054,0.124431105,0.182544404,0.014418493,0.040783442,0.02666129,0.006236789,0.006014409,20.95162162,1.077028397,,,,,,,,,,,,,,,,,,,,,,,,,,,,,,,,,,,,,,,,,,,,,,,,,,,,,,,,,,,,,,,,,,,,,,,,,,,,,,,,,,,,,,,,,,,,,,,,,,,,,,,,,,,,,,,,,,,,,,,,,,,,,,,,,,,,,,,,,,,,,,,,,,,,,,,,,,,,,,,,,,,,,,,,,,,,,,,,,,,,,,,,,,,,,,,,,,
54,2,0.004232035,0.156771567,0.023340844,0.010621082,-0.009580385,0.000606826,0.000606826,0.004126806,0.09496524,0.004316006,0.034942224,0.019204966,0.023181312,0.01255887,0.028612239,0.021600026,0.006487421,0.005922879,37.04401476,5.515276693,,,,,,,,,,,,,,,,,,,,,,,,,,,,,,,,,,,,,,,,,,,,,,,,,,,,,,,,,,,,,,,,,,,,,,,,,,,,,,,,,,,,,,,,,,,,,,,,,,,,,,,,,,,,,,,,,,,,,,,,,,,,,,,,,,,,,,,,,,,,,,,,,,,,,,,,,,,,,,,,,,,,,,,,,,,,,,,,,,,,,,,,,,,,,,,,,,
65,2,0.004056653,1.110080701,0.073130942,0.01558166,2.021198654,0.282738376,0.283440013,0.004056653,0.137840681,0.004676709,0.03742347,0.456093691,2.064083592,0.013556889,0.774113979,0.366230502,0.008921332,0.007745349,273.6444801,18.0274088,,,,,,,,,,,,,,,,,,,,,,,,,,,,,,,,,,,,,,,,,,,,,,,,,,,,,,,,,,,,,,,,,,,,,,,,,,,,,,,,,,,,,,,,,,,,,,,,,,,,,,,,,,,,,,,,,,,,,,,,,,,,,,,,,,,,,,,,,,,,,,,,,,,,,,,,,,,,,,,,,,,,,,,,,,,,,,,,,,,,,,,,,,,,,,,,,,
48,2,0.017222806,3.616445823,0.128749948,0.02104473,0.156379493,0.119321076,0.119321076,0.004287638,0.970050249,0.01319326,0.033474232,0.204220311,0.108553792,0.01255887,0.046948181,0.028057723,0.010513065,0.008887972,209.9800592,7.475550035,,,,,,,,,,,,,,,,,,,,,,,,,,,,,,,,,,,,,,,,,,,,,,,,,,,,,,,,,,,,,,,,,,,,,,,,,,,,,,,,,,,,,,,,,,,,,,,,,,,,,,,,,,,,,,,,,,,,,,,,,,,,,,,,,,,,,,,,,,,,,,,,,,,,,,,,,,,,,,,,,,,,,,,,,,,,,,,,,,,,,,,,,,,,,,,,,,
27,2,0.010857152,0.232786813,0.011960927,0.007034399,0.020812828,0.021289543,0.021289543,0.00538358,0.107913437,0.009083024,0.028963715,0.018737462,0.055118552,0.012588231,0.0283306,0.022374813,0.005827795,0.006031818,21.44087262,1.101663401,,,,,,,,,,,,,,,,,,,,,,,,,,,,,,,,,,,,,,,,,,,,,,,,,,,,,,,,,,,,,,,,,,,,,,,,,,,,,,,,,,,,,,,,,,,,,,,,,,,,,,,,,,,,,,,,,,,,,,,,,,,,,,,,,,,,,,,,,,,,,,,,,,,,,,,,,,,,,,,,,,,,,,,,,,,,,,,,,,,,,,,,,,,,,,,,,,
167,2,0.018837624,0.815119108,0.04401679,0.011194854,0.196832239,0.234218629,0.23414136,0.019152113,0.761392884,0.025353186,0.032215727,0.028086811,0.087058658,0.012622537,0.031403367,0.027661642,0.006903883,0.006023033,43.27080252,2.336642349,,,,,,,,,,,,,,,,,,,,,,,,,,,,,,,,,,,,,,,,,,,,,,,,,,,,,,,,,,,,,,,,,,,,,,,,,,,,,,,,,,,,,,,,,,,,,,,,,,,,,,,,,,,,,,,,,,,,,,,,,,,,,,,,,,,,,,,,,,,,,,,,,,,,,,,,,,,,,,,,,,,,,,,,,,,,,,,,,,,,,,,,,,,,,,,,,,
218,2,0.008211345,0.360568821,0.019194117,0.007518458,0.078174897,0.02430697,0.02430697,0.009855288,0.132844465,0.008110307,0.031044683,0.032519168,0.129354992,0.012751093,0.036873145,0.020880914,0.006052909,0.005859441,43.91105489,2.337511942,,,,,,,,,,,,,,,,,,,,,,,,,,,,,,,,,,,,,,,,,,,,,,,,,,,,,,,,,,,,,,,,,,,,,,,,,,,,,,,,,,,,,,,,,,,,,,,,,,,,,,,,,,,,,,,,,,,,,,,,,,,,,,,,,,,,,,,,,,,,,,,,,,,,,,,,,,,,,,,,,,,,,,,,,,,,,,,,,,,,,,,,,,,,,,,,,,
78,2,0.004189321,0.116222145,0.032546093,0.028065861,0.18131797,0.014729099,0.014729099,0.004056653,0.165292023,0.004056653,0.027559162,0.031319416,0.061047389,0.012595699,0.037409232,0.028670236,0.011815913,0.008496092,27.74247784,7.768822919,,,,,,,,,,,,,,,,,,,,,,,,,,,,,,,,,,,,,,,,,,,,,,,,,,,,,,,,,,,,,,,,,,,,,,,,,,,,,,,,,,,,,,,,,,,,,,,,,,,,,,,,,,,,,,,,,,,,,,,,,,,,,,,,,,,,,,,,,,,,,,,,,,,,,,,,,,,,,,,,,,,,,,,,,,,,,,,,,,,,,,,,,,,,,,,,,,
162,2,0.013860245,1.818914232,0.117762161,0.017316813,0.078553829,0.012786385,0.011755955,0.029927838,0.575817868,0.011350307,0.03557412,0.031201732,0.065554819,0.01333134,0.027835524,0.026102551,0.008845478,0.007682865,131.2324733,8.496398224,,,,,,,,,,,,,,,,,,,,,,,,,,,,,,,,,,,,,,,,,,,,,,,,,,,,,,,,,,,,,,,,,,,,,,,,,,,,,,,,,,,,,,,,,,,,,,,,,,,,,,,,,,,,,,,,,,,,,,,,,,,,,,,,,,,,,,,,,,,,,,,,,,,,,,,,,,,,,,,,,,,,,,,,,,,,,,,,,,,,,,,,,,,,,,,,,,
56,2,0.004056653,0.96230806,0.088040315,0.039336948,0.164738832,0.032164682,0.032164682,0.004056653,0.450020614,0.004056653,0.028301136,0.052941533,0.093921757,0,0.068435586,0.035048924,0.015652616,0.015918218,237.2172478,21.70269801,,,,,,,,,,,,,,,,,,,,,,,,,,,,,,,,,,,,,,,,,,,,,,,,,,,,,,,,,,,,,,,,,,,,,,,,,,,,,,,,,,,,,,,,,,,,,,,,,,,,,,,,,,,,,,,,,,,,,,,,,,,,,,,,,,,,,,,,,,,,,,,,,,,,,,,,,,,,,,,,,,,,,,,,,,,,,,,,,,,,,,,,,,,,,,,,,,
221,2,0.011518778,0.172482696,0.271229864,0.044785819,0.59916408,0.62271232,0.628014409,0.005165888,0.069651245,0.010777705,0.031732481,0.148248547,0.201392735,0.022125055,0.053793106,0.089254921,0.017120702,0.012104576,14.97404464,23.54675678,,,,,,,,,,,,,,,,,,,,,,,,,,,,,,,,,,,,,,,,,,,,,,,,,,,,,,,,,,,,,,,,,,,,,,,,,,,,,,,,,,,,,,,,,,,,,,,,,,,,,,,,,,,,,,,,,,,,,,,,,,,,,,,,,,,,,,,,,,,,,,,,,,,,,,,,,,,,,,,,,,,,,,,,,,,,,,,,,,,,,,,,,,,,,,,,,,
73,2,0.013649002,2.142846048,0.035858954,0.01551293,0.098541508,0.067143513,0.067143513,0.019803819,0.179090614,0.01168276,0.031961019,0.055460344,0.088535384,0.016717108,0.119360926,0.043411255,0.008010187,0.00670304,156.996537,2.627221683,,,,,,,,,,,,,,,,,,,,,,,,,,,,,,,,,,,,,,,,,,,,,,,,,,,,,,,,,,,,,,,,,,,,,,,,,,,,,,,,,,,,,,,,,,,,,,,,,,,,,,,,,,,,,,,,,,,,,,,,,,,,,,,,,,,,,,,,,,,,,,,,,,,,,,,,,,,,,,,,,,,,,,,,,,,,,,,,,,,,,,,,,,,,,,,,,,
224,2,0.014244443,2.709110152,0.470068381,0.032342078,0.062811046,0.039523848,0.039166259,0.009185201,0.673430277,0.020254142,0.056270296,0.047194762,0.147402551,0.0148048,0.078079321,0.107762517,0.013602522,0.013397167,190.1871594,33.0001237,,,,,,,,,,,,,,,,,,,,,,,,,,,,,,,,,,,,,,,,,,,,,,,,,,,,,,,,,,,,,,,,,,,,,,,,,,,,,,,,,,,,,,,,,,,,,,,,,,,,,,,,,,,,,,,,,,,,,,,,,,,,,,,,,,,,,,,,,,,,,,,,,,,,,,,,,,,,,,,,,,,,,,,,,,,,,,,,,,,,,,,,,,,,,,,,,,
38,2,0.004056653,0.068325431,0.095866402,0.019027747,0.211827258,0.14265264,0.141104984,0.004056653,0.009234117,0.004056653,0.027828718,0.06186932,0.135938955,0.015838117,0.05701032,0.025293636,0.009337731,0.009225032,16.84280884,23.63189605,,,,,,,,,,,,,,,,,,,,,,,,,,,,,,,,,,,,,,,,,,,,,,,,,,,,,,,,,,,,,,,,,,,,,,,,,,,,,,,,,,,,,,,,,,,,,,,,,,,,,,,,,,,,,,,,,,,,,,,,,,,,,,,,,,,,,,,,,,,,,,,,,,,,,,,,,,,,,,,,,,,,,,,,,,,,,,,,,,,,,,,,,,,,,,,,,,
57,2,0.011870316,0.453736098,0.042811198,0.018673608,0.171025727,0.005251739,0.010961928,0.017630388,0.082458701,0.011289796,0.037327739,0.147040704,0.114688126,0.014284493,0.064859677,0.03036845,0.009342896,0.008658722,38.22443295,3.606576101,,,,,,,,,,,,,,,,,,,,,,,,,,,,,,,,,,,,,,,,,,,,,,,,,,,,,,,,,,,,,,,,,,,,,,,,,,,,,,,,,,,,,,,,,,,,,,,,,,,,,,,,,,,,,,,,,,,,,,,,,,,,,,,,,,,,,,,,,,,,,,,,,,,,,,,,,,,,,,,,,,,,,,,,,,,,,,,,,,,,,,,,,,,,,,,,,,
75,2,0.046232218,7.0890001,0.100061561,0.011980109,0.447375046,0.173414029,0.173414029,0.061443078,1.732499967,0.050050454,0.098520665,0.187251095,0.611904353,0.017214947,0.124738226,0.212916271,0.0075578,0.006626892,153.3346313,2.164325341,,,,,,,,,,,,,,,,,,,,,,,,,,,,,,,,,,,,,,,,,,,,,,,,,,,,,,,,,,,,,,,,,,,,,,,,,,,,,,,,,,,,,,,,,,,,,,,,,,,,,,,,,,,,,,,,,,,,,,,,,,,,,,,,,,,,,,,,,,,,,,,,,,,,,,,,,,,,,,,,,,,,,,,,,,,,,,,,,,,,,,,,,,,,,,,,,,
181,2,0.008421008,0.9805249,0.050443278,0.020543681,0.418390753,0.116518672,0.116518672,0.007013151,0.281799798,0.013047463,0.031430616,0.088569147,0.485581086,0.012892074,0.343719656,0.199631685,0.009968721,0.007304755,116.437949,5.99017101,,,,,,,,,,,,,,,,,,,,,,,,,,,,,,,,,,,,,,,,,,,,,,,,,,,,,,,,,,,,,,,,,,,,,,,,,,,,,,,,,,,,,,,,,,,,,,,,,,,,,,,,,,,,,,,,,,,,,,,,,,,,,,,,,,,,,,,,,,,,,,,,,,,,,,,,,,,,,,,,,,,,,,,,,,,,,,,,,,,,,,,,,,,,,,,,,,
169,2,0.008239705,0.274645601,0.075122969,0.01424741,0.007662138,0.00098256,0.000900747,0.004243954,0.019029215,0.007358445,0.032867323,0.027358753,0.029631732,0.01332375,0.043189346,0.023268058,0.007610178,0.008125507,33.33197014,9.117191574,,,,,,,,,,,,,,,,,,,,,,,,,,,,,,,,,,,,,,,,,,,,,,,,,,,,,,,,,,,,,,,,,,,,,,,,,,,,,,,,,,,,,,,,,,,,,,,,,,,,,,,,,,,,,,,,,,,,,,,,,,,,,,,,,,,,,,,,,,,,,,,,,,,,,,,,,,,,,,,,,,,,,,,,,,,,,,,,,,,,,,,,,,,,,,,,,,
6,2,0.008863413,1.980183682,0.180198144,0.12753246,0.821605143,0.651378979,0.651378979,0.041092345,0.21564895,0.011500766,0.045209404,0.195172979,0.780414006,0.0134911,0.07796382,0.083818312,0.043991297,0.014810039,223.4109684,20.33055935,,,,,,,,,,,,,,,,,,,,,,,,,,,,,,,,,,,,,,,,,,,,,,,,,,,,,,,,,,,,,,,,,,,,,,,,,,,,,,,,,,,,,,,,,,,,,,,,,,,,,,,,,,,,,,,,,,,,,,,,,,,,,,,,,,,,,,,,,,,,,,,,,,,,,,,,,,,,,,,,,,,,,,,,,,,,,,,,,,,,,,,,,,,,,,,,,,
5,2,0.028686471,3.861225153,0.15922842,0.056253176,0.875406948,0.136258922,0.136258922,0.031080297,1.195735481,0.029368365,0.033917684,0.097032123,1.081977095,0.016571289,0.384725205,0.040551653,0.019784738,0.011027839,134.6009118,5.550645111,,,,,,,,,,,,,,,,,,,,,,,,,,,,,,,,,,,,,,,,,,,,,,,,,,,,,,,,,,,,,,,,,,,,,,,,,,,,,,,,,,,,,,,,,,,,,,,,,,,,,,,,,,,,,,,,,,,,,,,,,,,,,,,,,,,,,,,,,,,,,,,,,,,,,,,,,,,,,,,,,,,,,,,,,,,,,,,,,,,,,,,,,,,,,,,,,,
23,2,0.048070228,1.225752847,0.150680808,0.031114346,0.528263592,0.422784857,0.419758227,0.046805087,0.489200234,0,0.03517463,0.432608875,0.347734871,0.01329327,0.062254783,4.128484703,0.013489956,0.011780859,25.49921018,3.134597323,,,,,,,,,,,,,,,,,,,,,,,,,,,,,,,,,,,,,,,,,,,,,,,,,,,,,,,,,,,,,,,,,,,,,,,,,,,,,,,,,,,,,,,,,,,,,,,,,,,,,,,,,,,,,,,,,,,,,,,,,,,,,,,,,,,,,,,,,,,,,,,,,,,,,,,,,,,,,,,,,,,,,,,,,,,,,,,,,,,,,,,,,,,,,,,,,,
31,2,0.007675969,0.138506753,0.025258187,0.014239167,0.294236808,0.081145716,0.081145716,0.004290157,0.039711501,0.007973422,0.02899898,0.046210954,0.156165192,0.012922478,0.048171264,0.02699101,0.008246778,0.007442898,18.04420432,3.290553544,,,,,,,,,,,,,,,,,,,,,,,,,,,,,,,,,,,,,,,,,,,,,,,,,,,,,,,,,,,,,,,,,,,,,,,,,,,,,,,,,,,,,,,,,,,,,,,,,,,,,,,,,,,,,,,,,,,,,,,,,,,,,,,,,,,,,,,,,,,,,,,,,,,,,,,,,,,,,,,,,,,,,,,,,,,,,,,,,,,,,,,,,,,,,,,,,,
40,2,0.022696935,2.007655139,0.140961041,0.015447084,0.179906381,0.050441676,0.05139413,0.010490025,0.318849524,0.01502669,0.036094963,0.116313534,0.286836623,0.012793518,0.093555076,0.10456822,0.007942284,0.010026668,88.45490103,6.210576054,,,,,,,,,,,,,,,,,,,,,,,,,,,,,,,,,,,,,,,,,,,,,,,,,,,,,,,,,,,,,,,,,,,,,,,,,,,,,,,,,,,,,,,,,,,,,,,,,,,,,,,,,,,,,,,,,,,,,,,,,,,,,,,,,,,,,,,,,,,,,,,,,,,,,,,,,,,,,,,,,,,,,,,,,,,,,,,,,,,,,,,,,,,,,,,,,,
44,2,0.008468621,0.141752057,0.033801409,0.011762085,0.067705248,0.013471977,0.013471977,0.006483236,0.038013559,0.007790933,0.028434027,0.029511534,0.029028125,0.013454274,0.028803613,0.024764784,0.00716311,0.00802443,16.73850524,3.991371086,,,,,,,,,,,,,,,,,,,,,,,,,,,,,,,,,,,,,,,,,,,,,,,,,,,,,,,,,,,,,,,,,,,,,,,,,,,,,,,,,,,,,,,,,,,,,,,,,,,,,,,,,,,,,,,,,,,,,,,,,,,,,,,,,,,,,,,,,,,,,,,,,,,,,,,,,,,,,,,,,,,,,,,,,,,,,,,,,,,,,,,,,,,,,,,,,,
61,2,0.024299883,0.743594112,0.014664282,0.006851047,0.193496122,0.22351949,0.22351949,0.016598876,0.224681305,0.024029489,0.031852149,0.047642155,0.053745818,0.012902056,0.026399509,0.023988389,0.005724027,0.006351781,30.60072808,0.603471301,,,,,,,,,,,,,,,,,,,,,,,,,,,,,,,,,,,,,,,,,,,,,,,,,,,,,,,,,,,,,,,,,,,,,,,,,,,,,,,,,,,,,,,,,,,,,,,,,,,,,,,,,,,,,,,,,,,,,,,,,,,,,,,,,,,,,,,,,,,,,,,,,,,,,,,,,,,,,,,,,,,,,,,,,,,,,,,,,,,,,,,,,,,,,,,,,,
36,2,0.018541744,0.759354732,0.036760651,0.008766026,0.910166995,0.177624053,0.177624053,0.005781069,0.611968401,0.01611567,0.034256064,0.340481397,0.908633346,0.013364125,0.819613064,0.772111479,0.007064573,0.005459266,40.95379226,1.982588639,,,,,,,,,,,,,,,,,,,,,,,,,,,,,,,,,,,,,,,,,,,,,,,,,,,,,,,,,,,,,,,,,,,,,,,,,,,,,,,,,,,,,,,,,,,,,,,,,,,,,,,,,,,,,,,,,,,,,,,,,,,,,,,,,,,,,,,,,,,,,,,,,,,,,,,,,,,,,,,,,,,,,,,,,,,,,,,,,,,,,,,,,,,,,,,,,,
3,2,0.054175254,8.516372978,0.07011724,0.010848628,0.424325989,0.506950982,0.506950982,0.055517717,1.239913271,0.048667015,0.076015094,0.205115946,1.252013522,0.018813148,0.154461356,0.024427547,0.007334574,0.006248634,157.2004255,1.294266936,,,,,,,,,,,,,,,,,,,,,,,,,,,,,,,,,,,,,,,,,,,,,,,,,,,,,,,,,,,,,,,,,,,,,,,,,,,,,,,,,,,,,,,,,,,,,,,,,,,,,,,,,,,,,,,,,,,,,,,,,,,,,,,,,,,,,,,,,,,,,,,,,,,,,,,,,,,,,,,,,,,,,,,,,,,,,,,,,,,,,,,,,,,,,,,,,,
59,2,0.006282343,0.77066261,0.041199633,0.012462875,0.147018609,0.125658075,0.125658075,0.004056653,0.149522778,0.006022797,0.03224165,0.037278844,0.070502889,0.01255887,0.039881921,0.029655634,0.007254775,0.00600444,122.6712088,6.558004394,,,,,,,,,,,,,,,,,,,,,,,,,,,,,,,,,,,,,,,,,,,,,,,,,,,,,,,,,,,,,,,,,,,,,,,,,,,,,,,,,,,,,,,,,,,,,,,,,,,,,,,,,,,,,,,,,,,,,,,,,,,,,,,,,,,,,,,,,,,,,,,,,,,,,,,,,,,,,,,,,,,,,,,,,,,,,,,,,,,,,,,,,,,,,,,,,,
60,2,0.027332905,2.31726526,0.10909076,0.025902413,0.508266227,0.323676308,0.322122032,0.009895992,0.344311683,0.029358776,0.042223257,0.053544723,0.140230549,0.012727111,0.050002259,0.047293479,0.011544556,0.007541362,84.77932587,3.991187911,,,,,,,,,,,,,,,,,,,,,,,,,,,,,,,,,,,,,,,,,,,,,,,,,,,,,,,,,,,,,,,,,,,,,,,,,,,,,,,,,,,,,,,,,,,,,,,,,,,,,,,,,,,,,,,,,,,,,,,,,,,,,,,,,,,,,,,,,,,,,,,,,,,,,,,,,,,,,,,,,,,,,,,,,,,,,,,,,,,,,,,,,,,,,,,,,,
16,2,0.030925933,1.661761017,0.067711272,0.010730637,0.37047118,0.317420923,0.32078236,0.004220991,0.507281862,0.031312899,0.059354457,0.035952683,0.088625351,0.016254897,0.03662814,0.027628492,0.006996752,0.006030077,53.73357748,2.189465779,,,,,,,,,,,,,,,,,,,,,,,,,,,,,,,,,,,,,,,,,,,,,,,,,,,,,,,,,,,,,,,,,,,,,,,,,,,,,,,,,,,,,,,,,,,,,,,,,,,,,,,,,,,,,,,,,,,,,,,,,,,,,,,,,,,,,,,,,,,,,,,,,,,,,,,,,,,,,,,,,,,,,,,,,,,,,,,,,,,,,,,,,,,,,,,,,,
45,2,0.020879509,0.530579363,0.006789392,0.005443766,0.103824041,0.115146637,0.115146637,0.004056653,0.260385517,0.021714499,0.029257537,0.02151929,0.144569213,0.01255887,0.051127686,0.054679322,0.005352694,0.005347267,25.41148659,0.325170099,,,,,,,,,,,,,,,,,,,,,,,,,,,,,,,,,,,,,,,,,,,,,,,,,,,,,,,,,,,,,,,,,,,,,,,,,,,,,,,,,,,,,,,,,,,,,,,,,,,,,,,,,,,,,,,,,,,,,,,,,,,,,,,,,,,,,,,,,,,,,,,,,,,,,,,,,,,,,,,,,,,,,,,,,,,,,,,,,,,,,,,,,,,,,,,,,,
46,2,0.057370446,1.512623462,0.009473995,0.005821036,0.25542777,0.312222698,0.312720133,0.02862149,0.846494861,0.068941464,0.035262552,0.04224437,0.365499293,0.013147674,0.081764139,0.090577199,0.00589324,0.005447085,26.36590035,0.165137203,,,,,,,,,,,,,,,,,,,,,,,,,,,,,,,,,,,,,,,,,,,,,,,,,,,,,,,,,,,,,,,,,,,,,,,,,,,,,,,,,,,,,,,,,,,,,,,,,,,,,,,,,,,,,,,,,,,,,,,,,,,,,,,,,,,,,,,,,,,,,,,,,,,,,,,,,,,,,,,,,,,,,,,,,,,,,,,,,,,,,,,,,,,,,,,,,,
55,2,0.004056653,0.063563572,0.022764069,0.008775259,-0.023649549,0.002463079,0.002463079,0.004056653,0.028182027,0.004056653,0.027710204,0.016249624,0.005707126,0.01255887,0.029846314,0.020635265,0.006139977,0.006030096,15.66896947,5.611539612,,,,,,,,,,,,,,,,,,,,,,,,,,,,,,,,,,,,,,,,,,,,,,,,,,,,,,,,,,,,,,,,,,,,,,,,,,,,,,,,,,,,,,,,,,,,,,,,,,,,,,,,,,,,,,,,,,,,,,,,,,,,,,,,,,,,,,,,,,,,,,,,,,,,,,,,,,,,,,,,,,,,,,,,,,,,,,,,,,,,,,,,,,,,,,,,,,
76,2,0.005061571,0.645039952,0.061022838,0.016485402,0.039472127,0.018695981,0.018695981,0.004056653,0.140232695,0.004598002,0.032258634,0.041694849,0.237544767,0.01255887,0.07842574,0.03531887,0.009021983,0.006386825,127.4386849,12.0561063,,,,,,,,,,,,,,,,,,,,,,,,,,,,,,,,,,,,,,,,,,,,,,,,,,,,,,,,,,,,,,,,,,,,,,,,,,,,,,,,,,,,,,,,,,,,,,,,,,,,,,,,,,,,,,,,,,,,,,,,,,,,,,,,,,,,,,,,,,,,,,,,,,,,,,,,,,,,,,,,,,,,,,,,,,,,,,,,,,,,,,,,,,,,,,,,,,
18,2,0.019141414,1.660752053,0.169621175,0.019860309,0.109666742,0.025712425,0.026004753,0.015869508,0.290455749,0.018094176,0.041518117,0.059563028,0.312293897,0.016456199,0.050395841,0.034886738,0.009553776,0.009257889,86.7622451,8.861475699,,,,,,,,,,,,,,,,,,,,,,,,,,,,,,,,,,,,,,,,,,,,,,,,,,,,,,,,,,,,,,,,,,,,,,,,,,,,,,,,,,,,,,,,,,,,,,,,,,,,,,,,,,,,,,,,,,,,,,,,,,,,,,,,,,,,,,,,,,,,,,,,,,,,,,,,,,,,,,,,,,,,,,,,,,,,,,,,,,,,,,,,,,,,,,,,,,
30,2,0.009121999,0.065441869,0.024672549,0.006728586,-0.007887089,0.00147004,0.001479091,0.004056653,0.004586988,0.007721849,0.02846755,0.018655089,0.008102651,0.012571812,0.026359895,0.021823082,0.005684075,0.005764303,7.174071056,2.704730509,,,,,,,,,,,,,,,,,,,,,,,,,,,,,,,,,,,,,,,,,,,,,,,,,,,,,,,,,,,,,,,,,,,,,,,,,,,,,,,,,,,,,,,,,,,,,,,,,,,,,,,,,,,,,,,,,,,,,,,,,,,,,,,,,,,,,,,,,,,,,,,,,,,,,,,,,,,,,,,,,,,,,,,,,,,,,,,,,,,,,,,,,,,,,,,,,,
51,2,0.00589724,0.308566584,0.009568372,0.007286429,0.684857278,0.287323447,0.287323447,0.004056653,0.139747996,0.015996142,0.030474242,0.15205798,0.293514334,0.01264201,0.080990999,0.041528677,0.005550212,0.005347267,52.32389796,1.622516974,,,,,,,,,,,,,,,,,,,,,,,,,,,,,,,,,,,,,,,,,,,,,,,,,,,,,,,,,,,,,,,,,,,,,,,,,,,,,,,,,,,,,,,,,,,,,,,,,,,,,,,,,,,,,,,,,,,,,,,,,,,,,,,,,,,,,,,,,,,,,,,,,,,,,,,,,,,,,,,,,,,,,,,,,,,,,,,,,,,,,,,,,,,,,,,,,,
15,2,0.008849848,0.181929263,0.155802012,0.098275501,0.70867346,0.224927577,0.224927577,0.00520702,0.101882499,0.006050258,0.034535385,0.426049095,0.644927625,0.033204457,0.097273369,0.152886606,0.034597237,0.039728841,20.55733195,17.60504949,,,,,,,,,,,,,,,,,,,,,,,,,,,,,,,,,,,,,,,,,,,,,,,,,,,,,,,,,,,,,,,,,,,,,,,,,,,,,,,,,,,,,,,,,,,,,,,,,,,,,,,,,,,,,,,,,,,,,,,,,,,,,,,,,,,,,,,,,,,,,,,,,,,,,,,,,,,,,,,,,,,,,,,,,,,,,,,,,,,,,,,,,,,,,,,,,,
22,2,0.004429878,0.621554633,0.286620116,0.073784534,0.146400232,0.131179268,0.131179268,0.006109389,0.074042787,0.005125454,0.030676668,0.178451034,0.510382907,0.030554435,0.046052585,0.149716412,0.027677769,0.022932157,140.3096503,64.7015823,,,,,,,,,,,,,,,,,,,,,,,,,,,,,,,,,,,,,,,,,,,,,,,,,,,,,,,,,,,,,,,,,,,,,,,,,,,,,,,,,,,,,,,,,,,,,,,,,,,,,,,,,,,,,,,,,,,,,,,,,,,,,,,,,,,,,,,,,,,,,,,,,,,,,,,,,,,,,,,,,,,,,,,,,,,,,,,,,,,,,,,,,,,,,,,,,,
81,2,0.070947777,2.490078953,0.006506076,0.005347267,1.119118044,0.160585041,0.160585041,0.004056653,1.761574342,0.11892539,0.064817141,0.16790522,0.702832138,0.012712457,0.18389291,0.207380101,0.00537028,0.005347267,35.09734989,0.091702324,,,,,,,,,,,,,,,,,,,,,,,,,,,,,,,,,,,,,,,,,,,,,,,,,,,,,,,,,,,,,,,,,,,,,,,,,,,,,,,,,,,,,,,,,,,,,,,,,,,,,,,,,,,,,,,,,,,,,,,,,,,,,,,,,,,,,,,,,,,,,,,,,,,,,,,,,,,,,,,,,,,,,,,,,,,,,,,,,,,,,,,,,,,,,,,,,,
83,2,0.008128269,0.045780875,0.152327629,0.018998632,0.77193586,0.069635839,0.069635839,0.004056653,0.029970374,0.00691881,0.029172535,0.018787021,0.164978112,0.017742638,0.04466388,0.037697554,0.009116226,0.007362725,5.632303139,18.74047586,,,,,,,,,,,,,,,,,,,,,,,,,,,,,,,,,,,,,,,,,,,,,,,,,,,,,,,,,,,,,,,,,,,,,,,,,,,,,,,,,,,,,,,,,,,,,,,,,,,,,,,,,,,,,,,,,,,,,,,,,,,,,,,,,,,,,,,,,,,,,,,,,,,,,,,,,,,,,,,,,,,,,,,,,,,,,,,,,,,,,,,,,,,,,,,,,,
68,2,0.004056653,0.076480116,0.01048508,0.024483539,3.00118751,0.056078887,0.056078887,0.004056653,0.007901914,0.004056653,0.027950421,0.039887695,0.311724727,0.013885905,0.149325737,0.12833553,0.010571671,0.008633671,18.85300912,2.584662775,,,,,,,,,,,,,,,,,,,,,,,,,,,,,,,,,,,,,,,,,,,,,,,,,,,,,,,,,,,,,,,,,,,,,,,,,,,,,,,,,,,,,,,,,,,,,,,,,,,,,,,,,,,,,,,,,,,,,,,,,,,,,,,,,,,,,,,,,,,,,,,,,,,,,,,,,,,,,,,,,,,,,,,,,,,,,,,,,,,,,,,,,,,,,,,,,,
90,2,0.004056653,0.387163781,0.033657013,0.10688727,3.747216605,0.312123789,0.32544738,0.004056653,0.088432901,0.005163335,0.027605428,0.139669742,1.283695259,0.013675076,0.688197473,0.233075169,0.025697642,0.020426774,95.43921578,8.296744385,,,,,,,,,,,,,,,,,,,,,,,,,,,,,,,,,,,,,,,,,,,,,,,,,,,,,,,,,,,,,,,,,,,,,,,,,,,,,,,,,,,,,,,,,,,,,,,,,,,,,,,,,,,,,,,,,,,,,,,,,,,,,,,,,,,,,,,,,,,,,,,,,,,,,,,,,,,,,,,,,,,,,,,,,,,,,,,,,,,,,,,,,,,,,,,,,,
67,2,0.004277431,0.035760937,0.011955341,0.011018037,0.071835369,0.006513084,0.006513084,0.0042529,0.001379484,0.004945374,0.028331177,0.087796895,0.023206636,0.013891383,0.031675687,0.023612132,0.007153217,0.007926267,8.360377292,2.794981614,,,,,,,,,,,,,,,,,,,,,,,,,,,,,,,,,,,,,,,,,,,,,,,,,,,,,,,,,,,,,,,,,,,,,,,,,,,,,,,,,,,,,,,,,,,,,,,,,,,,,,,,,,,,,,,,,,,,,,,,,,,,,,,,,,,,,,,,,,,,,,,,,,,,,,,,,,,,,,,,,,,,,,,,,,,,,,,,,,,,,,,,,,,,,,,,,,
152,1,0.013210757,0.044602064,0.027918764,0.009182126,0.138607443,0.024453696,0.023123963,0.004056653,0.000677348,0.014274786,0.028014546,0.034610786,0.062846843,0.012912604,0.027541727,0.033661039,0.006467445,0.00604543,3.376192901,2.11333567,,,,,,,,,,,,,,,,,,,,,,,,,,,,,,,,,,,,,,,,,,,,,,,,,,,,,,,,,,,,,,,,,,,,,,,,,,,,,,,,,,,,,,,,,,,,,,,,,,,,,,,,,,,,,,,,,,,,,,,,,,,,,,,,,,,,,,,,,,,,,,,,,,,,,,,,,,,,,,,,,,,,,,,,,,,,,,,,,,,,,,,,,,,,,,,,,,
202,1,0.034210004,3.245016284,0.301579858,0.049572308,0.424890367,0.140573181,0.140573181,0.007257288,1.160093687,0.026474056,0.032415962,0.309615813,0.126286334,0.015395145,0.053621351,0.025731318,0.017812239,0.029511852,94.85577038,8.815545827,,,,,,,,,,,,,,,,,,,,,,,,,,,,,,,,,,,,,,,,,,,,,,,,,,,,,,,,,,,,,,,,,,,,,,,,,,,,,,,,,,,,,,,,,,,,,,,,,,,,,,,,,,,,,,,,,,,,,,,,,,,,,,,,,,,,,,,,,,,,,,,,,,,,,,,,,,,,,,,,,,,,,,,,,,,,,,,,,,,,,,,,,,,,,,,,,,
175,1,0.060388746,7.898454322,0.018486008,0.017019183,1.423984651,0.565063633,0.562248453,0.087887625,3.352121062,0.05965063,0.051921942,0.243315878,3.546731607,0.023891191,0.989983963,0.261708459,0.009674414,0.006442344,130.7934813,0.306116772,,,,,,,,,,,,,,,,,,,,,,,,,,,,,,,,,,,,,,,,,,,,,,,,,,,,,,,,,,,,,,,,,,,,,,,,,,,,,,,,,,,,,,,,,,,,,,,,,,,,,,,,,,,,,,,,,,,,,,,,,,,,,,,,,,,,,,,,,,,,,,,,,,,,,,,,,,,,,,,,,,,,,,,,,,,,,,,,,,,,,,,,,,,,,,,,,,
187,1,0.011030595,0,0.113662883,0.014860023,0.054833992,0.005784008,0.004148407,0.004056653,12.23078794,0.017952474,0.028263318,75.61213462,0.337476954,0.016523422,2.31163568,0.155884713,0.008072334,0.008017012,0,10.30432928,,,,,,,,,,,,,,,,,,,,,,,,,,,,,,,,,,,,,,,,,,,,,,,,,,,,,,,,,,,,,,,,,,,,,,,,,,,,,,,,,,,,,,,,,,,,,,,,,,,,,,,,,,,,,,,,,,,,,,,,,,,,,,,,,,,,,,,,,,,,,,,,,,,,,,,,,,,,,,,,,,,,,,,,,,,,,,,,,,,,,,,,,,,,,,,,,,
194,1,0.139172455,0.661076138,0.006288929,0.005643218,0.49637126,0.642363933,0.642363933,0.020946129,0.750664397,0.142573184,0.041571995,0.021723694,0.29889043,0.01255887,0.037313259,0.020635265,0.005462028,0.005366394,4.75005013,0.045188029,,,,,,,,,,,,,,,,,,,,,,,,,,,,,,,,,,,,,,,,,,,,,,,,,,,,,,,,,,,,,,,,,,,,,,,,,,,,,,,,,,,,,,,,,,,,,,,,,,,,,,,,,,,,,,,,,,,,,,,,,,,,,,,,,,,,,,,,,,,,,,,,,,,,,,,,,,,,,,,,,,,,,,,,,,,,,,,,,,,,,,,,,,,,,,,,,,
193,1,0.015567128,1.511448699,0.261224274,0.068739051,0.573056583,0.156063719,0.156206713,0.013109835,0.234711983,0.009625308,0.037293899,0.230774015,0.385524033,0.015865901,0.075240252,0.084117207,0.025201861,0.017299387,97.09232808,16.78050531,,,,,,,,,,,,,,,,,,,,,,,,,,,,,,,,,,,,,,,,,,,,,,,,,,,,,,,,,,,,,,,,,,,,,,,,,,,,,,,,,,,,,,,,,,,,,,,,,,,,,,,,,,,,,,,,,,,,,,,,,,,,,,,,,,,,,,,,,,,,,,,,,,,,,,,,,,,,,,,,,,,,,,,,,,,,,,,,,,,,,,,,,,,,,,,,,,
47,1,0.012094732,0.083796053,0.155758883,0.027237806,0.041610652,0.098766104,0.098766104,0.004056653,0.041491385,0.011489123,0.029108409,0.096409158,0.070502443,0.022385743,0.038788574,0.044289554,0.011981846,0.009149741,6.928310028,12.87824178,,,,,,,,,,,,,,,,,,,,,,,,,,,,,,,,,,,,,,,,,,,,,,,,,,,,,,,,,,,,,,,,,,,,,,,,,,,,,,,,,,,,,,,,,,,,,,,,,,,,,,,,,,,,,,,,,,,,,,,,,,,,,,,,,,,,,,,,,,,,,,,,,,,,,,,,,,,,,,,,,,,,,,,,,,,,,,,,,,,,,,,,,,,,,,,,,,
159,1,0.006672949,0.150871408,0.18476811,0.035619152,0.31244815,0.257515642,0.258729857,0.00580085,0.025103256,0.00419401,0.02900837,0.118637,0.8297139,0.037397189,0.159536099,0.124486237,0.015783278,0.008779725,22.60940523,27.68912365,,,,,,,,,,,,,,,,,,,,,,,,,,,,,,,,,,,,,,,,,,,,,,,,,,,,,,,,,,,,,,,,,,,,,,,,,,,,,,,,,,,,,,,,,,,,,,,,,,,,,,,,,,,,,,,,,,,,,,,,,,,,,,,,,,,,,,,,,,,,,,,,,,,,,,,,,,,,,,,,,,,,,,,,,,,,,,,,,,,,,,,,,,,,,,,,,,
80,1,0.126813852,1.034309586,3.737785388,0.472640548,0.749604028,1.104553937,1.101153796,0.235569566,0.111831864,0.154418986,0.085236778,2.645651568,1.22347989,1.893795292,0.272969118,0.15751487,0.155843723,0.051772275,8.156124664,29.47458286,,,,,,,,,,,,,,,,,,,,,,,,,,,,,,,,,,,,,,,,,,,,,,,,,,,,,,,,,,,,,,,,,,,,,,,,,,,,,,,,,,,,,,,,,,,,,,,,,,,,,,,,,,,,,,,,,,,,,,,,,,,,,,,,,,,,,,,,,,,,,,,,,,,,,,,,,,,,,,,,,,,,,,,,,,,,,,,,,,,,,,,,,,,,,,,,,,
192,1,0.024444089,0.50613598,0.083331385,0.064055375,1.26571366,0.25247124,0.25247124,0.013208677,0.089266893,0.023358417,0.029170556,0.092436578,0.567812564,0.014158784,0.142878261,0.185530684,0.02409385,0.010310125,20.7058639,3.409060775,,,,,,,,,,,,,,,,,,,,,,,,,,,,,,,,,,,,,,,,,,,,,,,,,,,,,,,,,,,,,,,,,,,,,,,,,,,,,,,,,,,,,,,,,,,,,,,,,,,,,,,,,,,,,,,,,,,,,,,,,,,,,,,,,,,,,,,,,,,,,,,,,,,,,,,,,,,,,,,,,,,,,,,,,,,,,,,,,,,,,,,,,,,,,,,,,,
24,1,0.008406827,0.263921186,1.093402593,0.075220092,0.347866883,0.050125601,0.049982221,0.004056653,0.073035125,0.007408866,0.03509796,0.254031913,0.244885583,0.022093506,0.039026583,0.241304101,0.028211944,0.01639322,31.39367397,130.0612696,,,,,,,,,,,,,,,,,,,,,,,,,,,,,,,,,,,,,,,,,,,,,,,,,,,,,,,,,,,,,,,,,,,,,,,,,,,,,,,,,,,,,,,,,,,,,,,,,,,,,,,,,,,,,,,,,,,,,,,,,,,,,,,,,,,,,,,,,,,,,,,,,,,,,,,,,,,,,,,,,,,,,,,,,,,,,,,,,,,,,,,,,,,,,,,,,,
208,1,0.073466236,2.332354376,0.029119052,0.025003409,5.539045007,4.333583297,4.333583297,0.016434434,2.719580692,0.091656627,0.068321139,0.380743145,7.956666075,0.019141577,0.699739725,1.348673871,0.012108754,0.007844735,31.74729649,0.396359656,,,,,,,,,,,,,,,,,,,,,,,,,,,,,,,,,,,,,,,,,,,,,,,,,,,,,,,,,,,,,,,,,,,,,,,,,,,,,,,,,,,,,,,,,,,,,,,,,,,,,,,,,,,,,,,,,,,,,,,,,,,,,,,,,,,,,,,,,,,,,,,,,,,,,,,,,,,,,,,,,,,,,,,,,,,,,,,,,,,,,,,,,,,,,,,,,,
199,1,0.005543016,0.040277338,0.053323814,0.020929009,0.062868203,0.062071632,0.063634675,0.00441338,0.033006314,0.004307163,0.027891647,0.046246862,0.055191505,0.014079555,0.038042317,0.048047626,0.009429033,0.010167721,7.2663218,9.620000014,,,,,,,,,,,,,,,,,,,,,,,,,,,,,,,,,,,,,,,,,,,,,,,,,,,,,,,,,,,,,,,,,,,,,,,,,,,,,,,,,,,,,,,,,,,,,,,,,,,,,,,,,,,,,,,,,,,,,,,,,,,,,,,,,,,,,,,,,,,,,,,,,,,,,,,,,,,,,,,,,,,,,,,,,,,,,,,,,,,,,,,,,,,,,,,,,,
188,1,0.011873734,0.40274694,0.261316747,0.043124349,0.279953895,0.047804842,0.047804842,0.013416578,0.208419206,0.010133382,0.034097048,0.097500597,0.229634492,0.015711609,0.079429577,0.035466271,0.017092588,0.009062027,33.91914793,22.00796708,,,,,,,,,,,,,,,,,,,,,,,,,,,,,,,,,,,,,,,,,,,,,,,,,,,,,,,,,,,,,,,,,,,,,,,,,,,,,,,,,,,,,,,,,,,,,,,,,,,,,,,,,,,,,,,,,,,,,,,,,,,,,,,,,,,,,,,,,,,,,,,,,,,,,,,,,,,,,,,,,,,,,,,,,,,,,,,,,,,,,,,,,,,,,,,,,,
156,1,0.089135717,0.180268399,0.56357381,0.06102415,0.383866123,0.212998377,0.212998377,0.004056653,0.080646648,0.097104888,0.044007394,0.342349585,0.923691242,0.022768328,0.101630159,0.168823707,0.023815372,0.007994957,2.022403645,6.322648529,,,,,,,,,,,,,,,,,,,,,,,,,,,,,,,,,,,,,,,,,,,,,,,,,,,,,,,,,,,,,,,,,,,,,,,,,,,,,,,,,,,,,,,,,,,,,,,,,,,,,,,,,,,,,,,,,,,,,,,,,,,,,,,,,,,,,,,,,,,,,,,,,,,,,,,,,,,,,,,,,,,,,,,,,,,,,,,,,,,,,,,,,,,,,,,,,,
183,1,0.019845514,0.165464272,0.163944826,0.024703381,0.379310005,0.033714371,0.031166772,0.004056653,0.198285541,0.01715205,0.032901911,0.046797252,0.156734705,0.014182021,0.049740341,0.057835689,0.010683936,0.009748334,8.337615846,8.261052145,,,,,,,,,,,,,,,,,,,,,,,,,,,,,,,,,,,,,,,,,,,,,,,,,,,,,,,,,,,,,,,,,,,,,,,,,,,,,,,,,,,,,,,,,,,,,,,,,,,,,,,,,,,,,,,,,,,,,,,,,,,,,,,,,,,,,,,,,,,,,,,,,,,,,,,,,,,,,,,,,,,,,,,,,,,,,,,,,,,,,,,,,,,,,,,,,,
198,1,0.017804525,0.601101191,1.404507048,0.351238881,1.505895255,0.397291423,0.397291423,0.004056653,0.157586241,0.014520993,0.033385172,1.381478753,1.180195826,0.024168715,0.222025034,0.092836811,0.091417621,0.025948312,33.76114729,78.88483675,,,,,,,,,,,,,,,,,,,,,,,,,,,,,,,,,,,,,,,,,,,,,,,,,,,,,,,,,,,,,,,,,,,,,,,,,,,,,,,,,,,,,,,,,,,,,,,,,,,,,,,,,,,,,,,,,,,,,,,,,,,,,,,,,,,,,,,,,,,,,,,,,,,,,,,,,,,,,,,,,,,,,,,,,,,,,,,,,,,,,,,,,,,,,,,,,,
212,1,0.045089666,2.729848206,0.92513646,0.047536431,0.108040346,0.039322017,0.039322017,0.01644351,2.904250911,0.044724946,0.093098842,0.072826301,0.187678023,0.015725781,0.077673977,0.193464393,0.018099433,0.012932461,60.54265751,20.51770488,,,,,,,,,,,,,,,,,,,,,,,,,,,,,,,,,,,,,,,,,,,,,,,,,,,,,,,,,,,,,,,,,,,,,,,,,,,,,,,,,,,,,,,,,,,,,,,,,,,,,,,,,,,,,,,,,,,,,,,,,,,,,,,,,,,,,,,,,,,,,,,,,,,,,,,,,,,,,,,,,,,,,,,,,,,,,,,,,,,,,,,,,,,,,,,,,,
146,1,0.005311599,8.537558312,2.14951397,0.085443826,0.073939415,0.185448514,0.184549195,0.242287147,3.970183933,0.011608562,0.039238548,0.462433657,0.474093214,0.094743702,0.075967984,0.036242025,0.014615954,0.015604197,1607.342405,404.6830286,,,,,,,,,,,,,,,,,,,,,,,,,,,,,,,,,,,,,,,,,,,,,,,,,,,,,,,,,,,,,,,,,,,,,,,,,,,,,,,,,,,,,,,,,,,,,,,,,,,,,,,,,,,,,,,,,,,,,,,,,,,,,,,,,,,,,,,,,,,,,,,,,,,,,,,,,,,,,,,,,,,,,,,,,,,,,,,,,,,,,,,,,,,,,,,,,,
184,1,0.049852205,0.63915904,0.205011677,0.041538213,1.160875731,0.142042983,0.142042983,0.004056653,0.221829692,0.052292721,0.040944917,0.119028441,0.413190889,0.016515335,0.057815576,0.065658236,0.014582416,0.009082904,12.82107863,4.112389352,,,,,,,,,,,,,,,,,,,,,,,,,,,,,,,,,,,,,,,,,,,,,,,,,,,,,,,,,,,,,,,,,,,,,,,,,,,,,,,,,,,,,,,,,,,,,,,,,,,,,,,,,,,,,,,,,,,,,,,,,,,,,,,,,,,,,,,,,,,,,,,,,,,,,,,,,,,,,,,,,,,,,,,,,,,,,,,,,,,,,,,,,,,,,,,,,,
190,1,0.074281261,2.45794001,0.398435742,0.080474146,0.805562919,0.751007438,0.751007438,0.045256266,0.659804928,0.066861982,0.072136611,0.178799199,0.632840923,0.013537413,0.143813968,0.160707012,0.028963055,0.015533972,33.08963764,5.36387962,,,,,,,,,,,,,,,,,,,,,,,,,,,,,,,,,,,,,,,,,,,,,,,,,,,,,,,,,,,,,,,,,,,,,,,,,,,,,,,,,,,,,,,,,,,,,,,,,,,,,,,,,,,,,,,,,,,,,,,,,,,,,,,,,,,,,,,,,,,,,,,,,,,,,,,,,,,,,,,,,,,,,,,,,,,,,,,,,,,,,,,,,,,,,,,,,,
200,1,0.005009546,1.515583566,0.299508753,0.071912049,0.584270029,0.07321489,0.075936583,0.014776692,0.266918337,0.004056653,0.029109725,0.80892984,0.424212523,0.0318634,0.152657083,0.076391853,0.026887551,0.029615128,302.5391055,59.78760411,,,,,,,,,,,,,,,,,,,,,,,,,,,,,,,,,,,,,,,,,,,,,,,,,,,,,,,,,,,,,,,,,,,,,,,,,,,,,,,,,,,,,,,,,,,,,,,,,,,,,,,,,,,,,,,,,,,,,,,,,,,,,,,,,,,,,,,,,,,,,,,,,,,,,,,,,,,,,,,,,,,,,,,,,,,,,,,,,,,,,,,,,,,,,,,,,,
203,1,0.004392591,0.079189746,0.061621048,0.132143917,0.174741925,0.172639818,0.172639818,0.004056653,0.025085042,0.004056653,0.027955318,0.214156932,0.210685192,0.015512369,0.074573041,0.034451838,0.038292829,0.043580463,18.02802628,14.02840556,,,,,,,,,,,,,,,,,,,,,,,,,,,,,,,,,,,,,,,,,,,,,,,,,,,,,,,,,,,,,,,,,,,,,,,,,,,,,,,,,,,,,,,,,,,,,,,,,,,,,,,,,,,,,,,,,,,,,,,,,,,,,,,,,,,,,,,,,,,,,,,,,,,,,,,,,,,,,,,,,,,,,,,,,,,,,,,,,,,,,,,,,,,,,,,,,,
210,1,0.107260218,2.749448837,0.041110051,0.017443093,1.20484881,1.723511442,1.726287204,0.03703294,0.658993843,0.104554294,0.068104477,0.064352378,1.649728996,0.016117012,0.092379524,0.036054542,0.010352755,0.007524257,25.63344442,0.383273983,,,,,,,,,,,,,,,,,,,,,,,,,,,,,,,,,,,,,,,,,,,,,,,,,,,,,,,,,,,,,,,,,,,,,,,,,,,,,,,,,,,,,,,,,,,,,,,,,,,,,,,,,,,,,,,,,,,,,,,,,,,,,,,,,,,,,,,,,,,,,,,,,,,,,,,,,,,,,,,,,,,,,,,,,,,,,,,,,,,,,,,,,,,,,,,,,,
215,1,0.032068956,1.639256189,0.108031917,0.016262457,0.630381126,0.964571459,0.964571459,0.007300183,0.970862045,0.048934078,0.057700923,0.255294517,1.538396387,0.017063971,0.178750782,0.173559151,0.009155233,0.007780674,51.11660601,3.368738197,,,,,,,,,,,,,,,,,,,,,,,,,,,,,,,,,,,,,,,,,,,,,,,,,,,,,,,,,,,,,,,,,,,,,,,,,,,,,,,,,,,,,,,,,,,,,,,,,,,,,,,,,,,,,,,,,,,,,,,,,,,,,,,,,,,,,,,,,,,,,,,,,,,,,,,,,,,,,,,,,,,,,,,,,,,,,,,,,,,,,,,,,,,,,,,,,,
37,1,0.085227598,4.325825509,0.478499238,0.078304612,0.73594756,0.256322012,0.256322012,0.08691866,0.650655233,0.093396467,0.042031225,0.203306416,0.664278657,0.019250992,0.194318327,0.083890618,0.026455248,0.023415848,50.75615893,5.614369632,,,,,,,,,,,,,,,,,,,,,,,,,,,,,,,,,,,,,,,,,,,,,,,,,,,,,,,,,,,,,,,,,,,,,,,,,,,,,,,,,,,,,,,,,,,,,,,,,,,,,,,,,,,,,,,,,,,,,,,,,,,,,,,,,,,,,,,,,,,,,,,,,,,,,,,,,,,,,,,,,,,,,,,,,,,,,,,,,,,,,,,,,,,,,,,,,,
211,1,0.004202488,0.16178335,0.046068706,0.034604392,0.142119983,0.075822743,0.075822743,0.005369165,0.025053793,0.004513196,0.030457578,0.281353475,0.332323594,0.014402883,0.119438605,0.046439706,0.013720426,0.009883103,38.49704032,10.9622457,,,,,,,,,,,,,,,,,,,,,,,,,,,,,,,,,,,,,,,,,,,,,,,,,,,,,,,,,,,,,,,,,,,,,,,,,,,,,,,,,,,,,,,,,,,,,,,,,,,,,,,,,,,,,,,,,,,,,,,,,,,,,,,,,,,,,,,,,,,,,,,,,,,,,,,,,,,,,,,,,,,,,,,,,,,,,,,,,,,,,,,,,,,,,,,,,,
206,1,0.004224059,0.189985158,0.116853392,0.036069345,0.435753442,0.051414065,0.051414065,0.009832166,0.041563196,0.004056653,0.029783925,0.219900621,0.21830552,0.015216583,0.106498504,0.098323474,0.013753901,0.008365958,44.97691865,27.6637689,,,,,,,,,,,,,,,,,,,,,,,,,,,,,,,,,,,,,,,,,,,,,,,,,,,,,,,,,,,,,,,,,,,,,,,,,,,,,,,,,,,,,,,,,,,,,,,,,,,,,,,,,,,,,,,,,,,,,,,,,,,,,,,,,,,,,,,,,,,,,,,,,,,,,,,,,,,,,,,,,,,,,,,,,,,,,,,,,,,,,,,,,,,,,,,,,,
182,1,0.014425553,0.11231323,0.066506497,0.024416816,0.272610359,0.034993615,0.034819716,0.004056653,0.045461829,0.016693571,0.035671794,0.022772228,0.187287604,0.013929043,0.030602851,0.025212448,0.009847275,0.008024412,7.785714003,4.610325649,,,,,,,,,,,,,,,,,,,,,,,,,,,,,,,,,,,,,,,,,,,,,,,,,,,,,,,,,,,,,,,,,,,,,,,,,,,,,,,,,,,,,,,,,,,,,,,,,,,,,,,,,,,,,,,,,,,,,,,,,,,,,,,,,,,,,,,,,,,,,,,,,,,,,,,,,,,,,,,,,,,,,,,,,,,,,,,,,,,,,,,,,,,,,,,,,,
217,1,0.004521283,0.468656513,0.116795736,0.059865055,0.750916554,0.334556126,0.334556126,0.005450543,0.155664928,0.004322594,0.029448988,0.709408838,0.63611593,0.020041504,0.224465081,0.066965844,0.023319497,0.03113351,103.6556466,25.83243208,,,,,,,,,,,,,,,,,,,,,,,,,,,,,,,,,,,,,,,,,,,,,,,,,,,,,,,,,,,,,,,,,,,,,,,,,,,,,,,,,,,,,,,,,,,,,,,,,,,,,,,,,,,,,,,,,,,,,,,,,,,,,,,,,,,,,,,,,,,,,,,,,,,,,,,,,,,,,,,,,,,,,,,,,,,,,,,,,,,,,,,,,,,,,,,,,,
171,1,0.012285159,0.167591625,0.339059729,0.089118273,1.165756519,0.226814499,0.226814499,0.006655129,0.02812143,0.009558722,0.030132937,0.184353549,0.52279726,0.021945296,0.059719072,0.098682818,0.02809995,0.012751422,13.64179536,27.59913234,,,,,,,,,,,,,,,,,,,,,,,,,,,,,,,,,,,,,,,,,,,,,,,,,,,,,,,,,,,,,,,,,,,,,,,,,,,,,,,,,,,,,,,,,,,,,,,,,,,,,,,,,,,,,,,,,,,,,,,,,,,,,,,,,,,,,,,,,,,,,,,,,,,,,,,,,,,,,,,,,,,,,,,,,,,,,,,,,,,,,,,,,,,,,,,,,,
155,1,0.024195865,0.175848063,0.130605843,0.060147728,2.05905357,1.065429262,1.065429262,0.005952108,0.093093701,0.023767902,0.033379851,0.059308145,0.598167996,0.023799578,0.078974276,0.090519109,0.020625289,0.015732368,7.267690698,5.397857981,,,,,,,,,,,,,,,,,,,,,,,,,,,,,,,,,,,,,,,,,,,,,,,,,,,,,,,,,,,,,,,,,,,,,,,,,,,,,,,,,,,,,,,,,,,,,,,,,,,,,,,,,,,,,,,,,,,,,,,,,,,,,,,,,,,,,,,,,,,,,,,,,,,,,,,,,,,,,,,,,,,,,,,,,,,,,,,,,,,,,,,,,,,,,,,,,,
178,1,0.006566299,0.083372762,0.033993795,0.040148391,0.136861969,0.114702289,0.115312613,0.004978564,0.035690948,0.005585685,0.029810011,0.068754712,0.341384855,0.014276039,0.041361698,0.031249125,0.015436827,0.009204699,12.6970706,5.177009911,,,,,,,,,,,,,,,,,,,,,,,,,,,,,,,,,,,,,,,,,,,,,,,,,,,,,,,,,,,,,,,,,,,,,,,,,,,,,,,,,,,,,,,,,,,,,,,,,,,,,,,,,,,,,,,,,,,,,,,,,,,,,,,,,,,,,,,,,,,,,,,,,,,,,,,,,,,,,,,,,,,,,,,,,,,,,,,,,,,,,,,,,,,,,,,,,,
1,1,0.128221318,0.623695486,0.159142058,0.038425652,2.893235119,0.888110284,0.892728326,0.004056653,0.701245714,0.118795,0.047592898,0.577019075,1.374301475,0.025417386,0.147158458,0.140543159,0.016200789,0.013588529,4.864210536,1.241151319,,,,,,,,,,,,,,,,,,,,,,,,,,,,,,,,,,,,,,,,,,,,,,,,,,,,,,,,,,,,,,,,,,,,,,,,,,,,,,,,,,,,,,,,,,,,,,,,,,,,,,,,,,,,,,,,,,,,,,,,,,,,,,,,,,,,,,,,,,,,,,,,,,,,,,,,,,,,,,,,,,,,,,,,,,,,,,,,,,,,,,,,,,,,,,,,,,
204,1,0.015605767,0.085771439,0.031495108,0.014022334,0.035753677,0.131400407,0.131656763,0.004236546,0.062593477,0.016194933,0.029813849,0.046488507,0.127516739,0.013613729,0.040450167,0.029723348,0.007609345,0.006379469,5.496137357,2.018171103,,,,,,,,,,,,,,,,,,,,,,,,,,,,,,,,,,,,,,,,,,,,,,,,,,,,,,,,,,,,,,,,,,,,,,,,,,,,,,,,,,,,,,,,,,,,,,,,,,,,,,,,,,,,,,,,,,,,,,,,,,,,,,,,,,,,,,,,,,,,,,,,,,,,,,,,,,,,,,,,,,,,,,,,,,,,,,,,,,,,,,,,,,,,,,,,,,
201,1,0.012329049,1.98384865,0.032725028,0.391227922,2.672254917,1.109173573,1.109173573,0.01784398,0.577682876,0.013550302,0.032535293,0.049097247,2.893321012,0.014227921,2.109148521,0.417717223,0.116839891,0.018656936,160.9084894,2.654302696,,,,,,,,,,,,,,,,,,,,,,,,,,,,,,,,,,,,,,,,,,,,,,,,,,,,,,,,,,,,,,,,,,,,,,,,,,,,,,,,,,,,,,,,,,,,,,,,,,,,,,,,,,,,,,,,,,,,,,,,,,,,,,,,,,,,,,,,,,,,,,,,,,,,,,,,,,,,,,,,,,,,,,,,,,,,,,,,,,,,,,,,,,,,,,,,,,
118,1,0.015292364,0.630574541,0.351470645,0.159341848,0.79038172,0.221988342,0.221988342,0.007567813,0.251333933,0.031558236,0.037954768,0.294000618,1.012628539,0.016508088,0.177466433,0.136304438,0.048933809,0.016299003,41.23460186,22.98340826,,,,,,,,,,,,,,,,,,,,,,,,,,,,,,,,,,,,,,,,,,,,,,,,,,,,,,,,,,,,,,,,,,,,,,,,,,,,,,,,,,,,,,,,,,,,,,,,,,,,,,,,,,,,,,,,,,,,,,,,,,,,,,,,,,,,,,,,,,,,,,,,,,,,,,,,,,,,,,,,,,,,,,,,,,,,,,,,,,,,,,,,,,,,,,,,,,
128,1,0.016783212,0.142008551,0.059832772,0.045621549,0.227241274,0.010754302,0.010754302,0.007103857,0.097121015,0.020008049,0.027835592,0.4599486,0.248411774,0.020484853,0.143198989,0.043658358,0.017473631,0.014735188,8.461345242,3.565037014,,,,,,,,,,,,,,,,,,,,,,,,,,,,,,,,,,,,,,,,,,,,,,,,,,,,,,,,,,,,,,,,,,,,,,,,,,,,,,,,,,,,,,,,,,,,,,,,,,,,,,,,,,,,,,,,,,,,,,,,,,,,,,,,,,,,,,,,,,,,,,,,,,,,,,,,,,,,,,,,,,,,,,,,,,,,,,,,,,,,,,,,,,,,,,,,,,
205,1,0.006051812,0.330065571,0.024297853,0.036762541,0.191253704,0.101655059,0.101723688,0.008046971,0.068606823,0.005176088,0.028734477,0.077243732,0.279131476,0.014606534,0.130210643,0.072363383,0.013968547,0.013076788,54.53995778,4.014971549,,,,,,,,,,,,,,,,,,,,,,,,,,,,,,,,,,,,,,,,,,,,,,,,,,,,,,,,,,,,,,,,,,,,,,,,,,,,,,,,,,,,,,,,,,,,,,,,,,,,,,,,,,,,,,,,,,,,,,,,,,,,,,,,,,,,,,,,,,,,,,,,,,,,,,,,,,,,,,,,,,,,,,,,,,,,,,,,,,,,,,,,,,,,,,,,,,
214,1,0.025650917,4.399247259,0.062852704,0.050667452,0.863795889,0.2693652,0.2693652,0.037892921,3.309745785,0.020207599,0.040342782,0.070412095,0.41554131,0.015382529,0.069830306,0.036779388,0.01804334,0.016240796,171.504483,2.450310217,,,,,,,,,,,,,,,,,,,,,,,,,,,,,,,,,,,,,,,,,,,,,,,,,,,,,,,,,,,,,,,,,,,,,,,,,,,,,,,,,,,,,,,,,,,,,,,,,,,,,,,,,,,,,,,,,,,,,,,,,,,,,,,,,,,,,,,,,,,,,,,,,,,,,,,,,,,,,,,,,,,,,,,,,,,,,,,,,,,,,,,,,,,,,,,,,,
158,1,0.009736995,2.619192856,0.320437871,0.074915151,0.163412122,0.115927257,0.115927257,0.018134022,0.07659463,0.010905452,0.040559019,0.076687507,0.32905461,0.015366739,0.06544556,0.039113724,0.025758032,0.013688049,268.9939613,32.90931863,,,,,,,,,,,,,,,,,,,,,,,,,,,,,,,,,,,,,,,,,,,,,,,,,,,,,,,,,,,,,,,,,,,,,,,,,,,,,,,,,,,,,,,,,,,,,,,,,,,,,,,,,,,,,,,,,,,,,,,,,,,,,,,,,,,,,,,,,,,,,,,,,,,,,,,,,,,,,,,,,,,,,,,,,,,,,,,,,,,,,,,,,,,,,,,,,,
170,1,0.005183301,0.170317456,0.115706987,0.143466292,0.306402298,0.06728387,0.065318479,0.004056653,0.035680944,0.004056653,0.046116961,0.304752743,0.742002629,0.025698162,0.219965807,0.064628901,0.042819342,0.017475178,32.85887816,22.32303063,,,,,,,,,,,,,,,,,,,,,,,,,,,,,,,,,,,,,,,,,,,,,,,,,,,,,,,,,,,,,,,,,,,,,,,,,,,,,,,,,,,,,,,,,,,,,,,,,,,,,,,,,,,,,,,,,,,,,,,,,,,,,,,,,,,,,,,,,,,,,,,,,,,,,,,,,,,,,,,,,,,,,,,,,,,,,,,,,,,,,,,,,,,,,,,,,,
132,1,0.027515861,0.169163188,0.056635117,0.06179869,0.907304843,0.082093353,0.082093353,0.004298501,0.060553942,0.029868692,0.034378048,0.230111005,0.308150286,0.014017501,0.080224895,0.045413998,0.021583911,0.014205801,6.147842802,2.058271664,,,,,,,,,,,,,,,,,,,,,,,,,,,,,,,,,,,,,,,,,,,,,,,,,,,,,,,,,,,,,,,,,,,,,,,,,,,,,,,,,,,,,,,,,,,,,,,,,,,,,,,,,,,,,,,,,,,,,,,,,,,,,,,,,,,,,,,,,,,,,,,,,,,,,,,,,,,,,,,,,,,,,,,,,,,,,,,,,,,,,,,,,,,,,,,,,,
70,1,0.00775986,0.192690526,0.293680078,0.029656204,0.87589214,0.494375871,0.493822036,0.005183716,0.070102582,0.013380112,0.033462257,1.240147695,0.508458886,0.054661974,0.131331641,0.056838524,0.010968223,0.008542423,24.83170135,37.84605367,,,,,,,,,,,,,,,,,,,,,,,,,,,,,,,,,,,,,,,,,,,,,,,,,,,,,,,,,,,,,,,,,,,,,,,,,,,,,,,,,,,,,,,,,,,,,,,,,,,,,,,,,,,,,,,,,,,,,,,,,,,,,,,,,,,,,,,,,,,,,,,,,,,,,,,,,,,,,,,,,,,,,,,,,,,,,,,,,,,,,,,,,,,,,,,,,,
123,1,0.010424692,0.184224405,0.195141779,0.115786841,21.60025279,0.93752739,0.93752739,0.007638675,0.135347619,0.012778674,0.028004881,0.532517894,0.244960084,0.017723673,0.042203061,0.063680467,0.035348586,0.029600057,17.67192786,18.71918892,,,,,,,,,,,,,,,,,,,,,,,,,,,,,,,,,,,,,,,,,,,,,,,,,,,,,,,,,,,,,,,,,,,,,,,,,,,,,,,,,,,,,,,,,,,,,,,,,,,,,,,,,,,,,,,,,,,,,,,,,,,,,,,,,,,,,,,,,,,,,,,,,,,,,,,,,,,,,,,,,,,,,,,,,,,,,,,,,,,,,,,,,,,,,,,,,,
122,1,0.01269323,0.087061237,0.05765684,0.017805025,0.170438571,0.034055835,0.034055835,0.004056653,0.014406237,0.010377067,0.032091432,0.030111931,0.071869637,0.014190322,0.037824747,0.023477458,0.008995138,0.008249233,6.858871777,4.542330045,,,,,,,,,,,,,,,,,,,,,,,,,,,,,,,,,,,,,,,,,,,,,,,,,,,,,,,,,,,,,,,,,,,,,,,,,,,,,,,,,,,,,,,,,,,,,,,,,,,,,,,,,,,,,,,,,,,,,,,,,,,,,,,,,,,,,,,,,,,,,,,,,,,,,,,,,,,,,,,,,,,,,,,,,,,,,,,,,,,,,,,,,,,,,,,,,,
121,1,0.153556668,1.556536524,0.006001298,0.005347267,0.482549547,0.241889836,0.241889836,0.004056653,2.740759812,0.172390971,0.027435402,0.237303006,0.68892059,0.01255887,0.115381897,0.102509053,0.005407214,0.005377241,10.13656095,0.039081976,,,,,,,,,,,,,,,,,,,,,,,,,,,,,,,,,,,,,,,,,,,,,,,,,,,,,,,,,,,,,,,,,,,,,,,,,,,,,,,,,,,,,,,,,,,,,,,,,,,,,,,,,,,,,,,,,,,,,,,,,,,,,,,,,,,,,,,,,,,,,,,,,,,,,,,,,,,,,,,,,,,,,,,,,,,,,,,,,,,,,,,,,,,,,,,,,,
165,1,0.020734017,1.517637751,0.049409046,0.013914348,0.14935698,0.225892299,0.226034139,0.007648701,0.23074999,0.017991517,0.050279548,0.020903582,0.422094433,0.01627914,0.102487206,0.041735163,0.008021534,0.006038735,73.1955487,2.382994381,,,,,,,,,,,,,,,,,,,,,,,,,,,,,,,,,,,,,,,,,,,,,,,,,,,,,,,,,,,,,,,,,,,,,,,,,,,,,,,,,,,,,,,,,,,,,,,,,,,,,,,,,,,,,,,,,,,,,,,,,,,,,,,,,,,,,,,,,,,,,,,,,,,,,,,,,,,,,,,,,,,,,,,,,,,,,,,,,,,,,,,,,,,,,,,,,,
150,1,0.005767257,0.085313623,0.37513798,0.054778673,0.094255436,0.025488425,0.025488425,0.004056653,0.011495898,0.004302583,0.039824293,0.047581727,0.218113355,0.022248337,0.086642217,0.027286817,0.019171781,0.018905547,14.79275555,65.04617013,,,,,,,,,,,,,,,,,,,,,,,,,,,,,,,,,,,,,,,,,,,,,,,,,,,,,,,,,,,,,,,,,,,,,,,,,,,,,,,,,,,,,,,,,,,,,,,,,,,,,,,,,,,,,,,,,,,,,,,,,,,,,,,,,,,,,,,,,,,,,,,,,,,,,,,,,,,,,,,,,,,,,,,,,,,,,,,,,,,,,,,,,,,,,,,,,,
125,1,0.021474464,0.136754443,0.010050226,0.006923434,0.945608888,0.233924402,0.234288224,0.007018183,0.057124769,0.021632181,0.029322706,0.026273144,0.073761598,0.012762027,0.02971458,0.032639966,0.005729045,0.005644744,6.368235454,0.468008235,,,,,,,,,,,,,,,,,,,,,,,,,,,,,,,,,,,,,,,,,,,,,,,,,,,,,,,,,,,,,,,,,,,,,,,,,,,,,,,,,,,,,,,,,,,,,,,,,,,,,,,,,,,,,,,,,,,,,,,,,,,,,,,,,,,,,,,,,,,,,,,,,,,,,,,,,,,,,,,,,,,,,,,,,,,,,,,,,,,,,,,,,,,,,,,,,,
29,1,0.004156771,0.065402328,0.022959064,0.026437121,0.256960284,0.021156504,0.021156504,0.004056653,0.005960759,0.004337847,0.027778883,0.033067574,0.067204443,0.017671605,0.032579185,0.042790265,0.012193136,0.012995571,15.73392617,5.52329296,,,,,,,,,,,,,,,,,,,,,,,,,,,,,,,,,,,,,,,,,,,,,,,,,,,,,,,,,,,,,,,,,,,,,,,,,,,,,,,,,,,,,,,,,,,,,,,,,,,,,,,,,,,,,,,,,,,,,,,,,,,,,,,,,,,,,,,,,,,,,,,,,,,,,,,,,,,,,,,,,,,,,,,,,,,,,,,,,,,,,,,,,,,,,,,,,,
127,1,0.013188674,0.054813157,0.174887583,0.00970883,15.44978913,0.024165475,0.028892007,0.004056653,0.122059185,0.00589724,0.028063161,0.158758008,0.110382434,0.021901946,0.088513772,0.178029129,0.006505741,0.007242329,4.156077935,13.26043718,,,,,,,,,,,,,,,,,,,,,,,,,,,,,,,,,,,,,,,,,,,,,,,,,,,,,,,,,,,,,,,,,,,,,,,,,,,,,,,,,,,,,,,,,,,,,,,,,,,,,,,,,,,,,,,,,,,,,,,,,,,,,,,,,,,,,,,,,,,,,,,,,,,,,,,,,,,,,,,,,,,,,,,,,,,,,,,,,,,,,,,,,,,,,,,,,,
130,1,0.014205202,0.061410503,0.027178126,0.050306679,28.17369845,0.497756045,0.495207151,0.004056653,0.018613244,0.009369578,0.039199856,0.305301736,0.380150586,0.019520187,0.130413968,0.050447179,0.018055665,0.012154604,4.323099594,1.913251638,,,,,,,,,,,,,,,,,,,,,,,,,,,,,,,,,,,,,,,,,,,,,,,,,,,,,,,,,,,,,,,,,,,,,,,,,,,,,,,,,,,,,,,,,,,,,,,,,,,,,,,,,,,,,,,,,,,,,,,,,,,,,,,,,,,,,,,,,,,,,,,,,,,,,,,,,,,,,,,,,,,,,,,,,,,,,,,,,,,,,,,,,,,,,,,,,,
223,1,0.029191317,0.546158029,0.208492622,0.034290819,0.690046881,0.134668687,0.134668687,0.014110519,0.192702816,0.01957943,0.038076676,0.164157121,0.495505946,0.016881096,0.077732247,0.062232359,0.013863535,0.008013498,18.70960563,7.142282138,,,,,,,,,,,,,,,,,,,,,,,,,,,,,,,,,,,,,,,,,,,,,,,,,,,,,,,,,,,,,,,,,,,,,,,,,,,,,,,,,,,,,,,,,,,,,,,,,,,,,,,,,,,,,,,,,,,,,,,,,,,,,,,,,,,,,,,,,,,,,,,,,,,,,,,,,,,,,,,,,,,,,,,,,,,,,,,,,,,,,,,,,,,,,,,,,,
140,1,0.004501256,0.150294156,0.09245907,0.028952552,0.277317109,0.01371902,0.01371902,0.006025606,0.014836709,0.004056653,0.033118261,0.111889519,0.070396503,0.013950739,0.04924966,0.08614097,0.012533401,0.009008909,33.38938199,20.54072685,,,,,,,,,,,,,,,,,,,,,,,,,,,,,,,,,,,,,,,,,,,,,,,,,,,,,,,,,,,,,,,,,,,,,,,,,,,,,,,,,,,,,,,,,,,,,,,,,,,,,,,,,,,,,,,,,,,,,,,,,,,,,,,,,,,,,,,,,,,,,,,,,,,,,,,,,,,,,,,,,,,,,,,,,,,,,,,,,,,,,,,,,,,,,,,,,,
116,1,0.004949686,0.103109837,0.054487344,0.034270846,0.399515702,0.021457933,0.021457933,0.004056653,0.09870441,0.008954573,0.031920683,0.235360442,0.403936344,0.017459282,0.04620831,0.043966548,0.013997771,0.008894648,20.83159154,11.00824254,,,,,,,,,,,,,,,,,,,,,,,,,,,,,,,,,,,,,,,,,,,,,,,,,,,,,,,,,,,,,,,,,,,,,,,,,,,,,,,,,,,,,,,,,,,,,,,,,,,,,,,,,,,,,,,,,,,,,,,,,,,,,,,,,,,,,,,,,,,,,,,,,,,,,,,,,,,,,,,,,,,,,,,,,,,,,,,,,,,,,,,,,,,,,,,,,,
207,1,0.017406418,0.09711071,0.089978662,0.035522427,0.334879891,0.106001491,0.106001491,0.004527821,0.162843599,0.017330456,0.028997105,0.086139789,0.119162017,0.01681926,0.048175786,0.081696648,0.014677964,0.013697565,5.579017464,5.169280779,,,,,,,,,,,,,,,,,,,,,,,,,,,,,,,,,,,,,,,,,,,,,,,,,,,,,,,,,,,,,,,,,,,,,,,,,,,,,,,,,,,,,,,,,,,,,,,,,,,,,,,,,,,,,,,,,,,,,,,,,,,,,,,,,,,,,,,,,,,,,,,,,,,,,,,,,,,,,,,,,,,,,,,,,,,,,,,,,,,,,,,,,,,,,,,,,,
228,1,0.02048496,0.502296708,0.131935242,0.025856612,0.488441606,0.32539616,0.325775822,0.004056653,0.076171308,0.0138153,0.037590164,0.065609857,0.936442002,0.019027573,0.118030763,0.040620628,0.012114539,0.013800831,24.52026794,6.440590658,,,,,,,,,,,,,,,,,,,,,,,,,,,,,,,,,,,,,,,,,,,,,,,,,,,,,,,,,,,,,,,,,,,,,,,,,,,,,,,,,,,,,,,,,,,,,,,,,,,,,,,,,,,,,,,,,,,,,,,,,,,,,,,,,,,,,,,,,,,,,,,,,,,,,,,,,,,,,,,,,,,,,,,,,,,,,,,,,,,,,,,,,,,,,,,,,,
2,1,0.15909773,0.899854421,0.213600171,0.299317437,1.251052305,0.880880387,0.880880387,0.005794782,0.498228245,0.119835499,0.037800873,0.207837112,0.819868899,0.020319101,0.106815727,0.212694114,0.028693789,0.023026141,5.655985293,1.342572084,,,,,,,,,,,,,,,,,,,,,,,,,,,,,,,,,,,,,,,,,,,,,,,,,,,,,,,,,,,,,,,,,,,,,,,,,,,,,,,,,,,,,,,,,,,,,,,,,,,,,,,,,,,,,,,,,,,,,,,,,,,,,,,,,,,,,,,,,,,,,,,,,,,,,,,,,,,,,,,,,,,,,,,,,,,,,,,,,,,,,,,,,,,,,,,,,,
98,1,0.012779838,0.118223328,0.021803789,0.038950401,0.213395428,0.558672573,0.558672573,0.004056653,0.113202677,0.012196006,0.029481299,0.15827797,0.142909957,0.014667884,0.076479499,0.035251934,0.014259254,0.012016189,9.250768906,1.706108403,,,,,,,,,,,,,,,,,,,,,,,,,,,,,,,,,,,,,,,,,,,,,,,,,,,,,,,,,,,,,,,,,,,,,,,,,,,,,,,,,,,,,,,,,,,,,,,,,,,,,,,,,,,,,,,,,,,,,,,,,,,,,,,,,,,,,,,,,,,,,,,,,,,,,,,,,,,,,,,,,,,,,,,,,,,,,,,,,,,,,,,,,,,,,,,,,,
154,1,0.012741541,0.225022092,0.094788832,0.036238582,0.329540231,0.080492208,0.080492208,0.010372935,0.046300379,0.013147324,0.027800651,0.09313517,0.059567044,0.015594979,0.054158845,0.15719088,0.014747248,0.010847604,17.66050841,7.439353843,,,,,,,,,,,,,,,,,,,,,,,,,,,,,,,,,,,,,,,,,,,,,,,,,,,,,,,,,,,,,,,,,,,,,,,,,,,,,,,,,,,,,,,,,,,,,,,,,,,,,,,,,,,,,,,,,,,,,,,,,,,,,,,,,,,,,,,,,,,,,,,,,,,,,,,,,,,,,,,,,,,,,,,,,,,,,,,,,,,,,,,,,,,,,,,,,,
197,1,0.137171508,0.487088179,0.232903931,0.037656698,1.966790441,0.391067835,0.38940883,0.012474984,1.37003125,0.089083937,0.051537984,0.075220653,0.59359415,0.015853116,0.057277415,0.048289122,0.015486642,0.00808944,3.550942802,1.697903117,,,,,,,,,,,,,,,,,,,,,,,,,,,,,,,,,,,,,,,,,,,,,,,,,,,,,,,,,,,,,,,,,,,,,,,,,,,,,,,,,,,,,,,,,,,,,,,,,,,,,,,,,,,,,,,,,,,,,,,,,,,,,,,,,,,,,,,,,,,,,,,,,,,,,,,,,,,,,,,,,,,,,,,,,,,,,,,,,,,,,,,,,,,,,,,,,,
35,1,0.01405307,0.089400765,0.047436404,0.017078372,0.144091423,0.05548996,0.054413625,0.005897485,0.112931228,0.01404841,0.028082309,0.061725156,0.075786209,0.014312516,0.038653632,0.025963511,0.008521258,0.007438237,6.361653717,3.375518944,,,,,,,,,,,,,,,,,,,,,,,,,,,,,,,,,,,,,,,,,,,,,,,,,,,,,,,,,,,,,,,,,,,,,,,,,,,,,,,,,,,,,,,,,,,,,,,,,,,,,,,,,,,,,,,,,,,,,,,,,,,,,,,,,,,,,,,,,,,,,,,,,,,,,,,,,,,,,,,,,,,,,,,,,,,,,,,,,,,,,,,,,,,,,,,,,,
148,1,0.006488583,0.668661779,0.282663008,0.055945068,0.163923749,0.032074038,0.032074038,0.004980787,0.030803157,0.006485867,0.034381345,0.106720061,0.162914836,0.016308591,0.07141157,0.030852864,0.018926969,0.009312343,103.0520499,43.56313358,,,,,,,,,,,,,,,,,,,,,,,,,,,,,,,,,,,,,,,,,,,,,,,,,,,,,,,,,,,,,,,,,,,,,,,,,,,,,,,,,,,,,,,,,,,,,,,,,,,,,,,,,,,,,,,,,,,,,,,,,,,,,,,,,,,,,,,,,,,,,,,,,,,,,,,,,,,,,,,,,,,,,,,,,,,,,,,,,,,,,,,,,,,,,,,,,,
161,1,0.025131247,0.376406765,1.228221541,0.103261009,0.253479276,0.099225069,0.099225069,0.005561981,0.082957049,0.021467503,0.03794059,0.224531055,0.551930134,0.037465563,0.054735316,0.209976822,0.030625187,0.025415883,14.97763979,48.87228799,,,,,,,,,,,,,,,,,,,,,,,,,,,,,,,,,,,,,,,,,,,,,,,,,,,,,,,,,,,,,,,,,,,,,,,,,,,,,,,,,,,,,,,,,,,,,,,,,,,,,,,,,,,,,,,,,,,,,,,,,,,,,,,,,,,,,,,,,,,,,,,,,,,,,,,,,,,,,,,,,,,,,,,,,,,,,,,,,,,,,,,,,,,,,,,,,,
106,1,0.049945039,0.961475946,0.068321558,0.035730064,0.544521432,0.408988357,0.407293467,0.007655742,0.180916409,0.046459942,0.0446966,0.133885634,0.512825528,0.014809764,0.086721464,0.091138027,0.013995311,0.00977122,19.25067965,1.367934821,,,,,,,,,,,,,,,,,,,,,,,,,,,,,,,,,,,,,,,,,,,,,,,,,,,,,,,,,,,,,,,,,,,,,,,,,,,,,,,,,,,,,,,,,,,,,,,,,,,,,,,,,,,,,,,,,,,,,,,,,,,,,,,,,,,,,,,,,,,,,,,,,,,,,,,,,,,,,,,,,,,,,,,,,,,,,,,,,,,,,,,,,,,,,,,,,,
107,1,0.005405155,2.1365217,0.036497199,0.008848011,0.041732158,0.279952777,0.28059702,0.004506154,0.270312552,0.006563017,0.032662705,0.111405597,0.073703702,0.012588522,0.039666266,0.034620311,0.006220479,0.005871913,395.2748256,6.752294615,,,,,,,,,,,,,,,,,,,,,,,,,,,,,,,,,,,,,,,,,,,,,,,,,,,,,,,,,,,,,,,,,,,,,,,,,,,,,,,,,,,,,,,,,,,,,,,,,,,,,,,,,,,,,,,,,,,,,,,,,,,,,,,,,,,,,,,,,,,,,,,,,,,,,,,,,,,,,,,,,,,,,,,,,,,,,,,,,,,,,,,,,,,,,,,,,,
219,1,0.038505571,0.37969136,0.139835397,0.152625868,0.386465242,0.06970374,0.068471276,0.008179529,0.356631435,0.038429152,0.029879048,0.088971885,0.375955728,0.020117735,0.096679486,0.140099425,0.048611448,0.034657299,9.860686393,3.631562742,,,,,,,,,,,,,,,,,,,,,,,,,,,,,,,,,,,,,,,,,,,,,,,,,,,,,,,,,,,,,,,,,,,,,,,,,,,,,,,,,,,,,,,,,,,,,,,,,,,,,,,,,,,,,,,,,,,,,,,,,,,,,,,,,,,,,,,,,,,,,,,,,,,,,,,,,,,,,,,,,,,,,,,,,,,,,,,,,,,,,,,,,,,,,,,,,,
164,1,0.087785654,5.621492333,1.164553344,0.080654923,0.626165598,0.164215972,0.160663363,0.225988944,4.90023807,0.082570664,0.107229779,0.594312551,1.010067272,0.042350881,0.160846412,0.203174275,0.029378958,0.015024343,64.03657177,13.26587308,,,,,,,,,,,,,,,,,,,,,,,,,,,,,,,,,,,,,,,,,,,,,,,,,,,,,,,,,,,,,,,,,,,,,,,,,,,,,,,,,,,,,,,,,,,,,,,,,,,,,,,,,,,,,,,,,,,,,,,,,,,,,,,,,,,,,,,,,,,,,,,,,,,,,,,,,,,,,,,,,,,,,,,,,,,,,,,,,,,,,,,,,,,,,,,,,,
94,1,0.004675064,0.206779781,0.052649135,0.10347812,1.064625698,0.98423647,0.98423647,0.004211256,0.015114177,0.004056653,0.030797477,0.283327326,0.375010195,0.015853337,0.111510468,0.251484538,0.036350729,0.022121867,44.23036369,11.26169289,,,,,,,,,,,,,,,,,,,,,,,,,,,,,,,,,,,,,,,,,,,,,,,,,,,,,,,,,,,,,,,,,,,,,,,,,,,,,,,,,,,,,,,,,,,,,,,,,,,,,,,,,,,,,,,,,,,,,,,,,,,,,,,,,,,,,,,,,,,,,,,,,,,,,,,,,,,,,,,,,,,,,,,,,,,,,,,,,,,,,,,,,,,,,,,,,,
103,1,0.022680799,0.083209816,0.030452904,0.019119251,0.390091957,0.006960655,0.005840408,0.004983997,0.060758509,0.021676772,0.029190691,0.037502297,0.05192881,0.013735023,0.029693868,0.043734706,0.009131486,0.010962764,3.668733892,1.342673334,,,,,,,,,,,,,,,,,,,,,,,,,,,,,,,,,,,,,,,,,,,,,,,,,,,,,,,,,,,,,,,,,,,,,,,,,,,,,,,,,,,,,,,,,,,,,,,,,,,,,,,,,,,,,,,,,,,,,,,,,,,,,,,,,,,,,,,,,,,,,,,,,,,,,,,,,,,,,,,,,,,,,,,,,,,,,,,,,,,,,,,,,,,,,,,,,,
104,1,0.092905614,0.593294653,0.069772142,0.030897779,0.982451858,0.165045153,0.165045153,0.016661096,0.633329047,0.113082729,0.03655902,0.44949799,0.428318663,0.014095065,0.17975208,0.128528853,0.012371528,0.007983533,6.385993563,0.751000279,,,,,,,,,,,,,,,,,,,,,,,,,,,,,,,,,,,,,,,,,,,,,,,,,,,,,,,,,,,,,,,,,,,,,,,,,,,,,,,,,,,,,,,,,,,,,,,,,,,,,,,,,,,,,,,,,,,,,,,,,,,,,,,,,,,,,,,,,,,,,,,,,,,,,,,,,,,,,,,,,,,,,,,,,,,,,,,,,,,,,,,,,,,,,,,,,,
136,1,0.038709158,0.500563732,0.025432536,0.035666045,0.26318079,0.132495725,0.132609899,0.004720494,0.49465618,0.046339324,0.028511076,0.066116186,0.193644611,0.012662132,0.041603263,0.032609209,0.013149988,0.011125213,12.93140326,0.657015996,,,,,,,,,,,,,,,,,,,,,,,,,,,,,,,,,,,,,,,,,,,,,,,,,,,,,,,,,,,,,,,,,,,,,,,,,,,,,,,,,,,,,,,,,,,,,,,,,,,,,,,,,,,,,,,,,,,,,,,,,,,,,,,,,,,,,,,,,,,,,,,,,,,,,,,,,,,,,,,,,,,,,,,,,,,,,,,,,,,,,,,,,,,,,,,,,,
226,1,0.130218393,0.45238984,0.095097053,0.018687589,1.44865069,3.135452196,3.135452196,0.011300389,0.671075255,0.092462466,0.045208759,0.622143579,1.21050796,0.013996475,0.343703566,0.381567385,0.00984832,0.0075197,3.474085569,0.730288946,,,,,,,,,,,,,,,,,,,,,,,,,,,,,,,,,,,,,,,,,,,,,,,,,,,,,,,,,,,,,,,,,,,,,,,,,,,,,,,,,,,,,,,,,,,,,,,,,,,,,,,,,,,,,,,,,,,,,,,,,,,,,,,,,,,,,,,,,,,,,,,,,,,,,,,,,,,,,,,,,,,,,,,,,,,,,,,,,,,,,,,,,,,,,,,,,,
111,1,0.08263555,2.273768563,0.043217699,0.010672797,0.517320432,0.518495249,0.518495249,0.020338767,1.047406521,0.074151331,0.037345716,0.212827559,0.311463761,0.012612044,0.034499651,0.043662887,0.006990695,0.007406347,27.51562207,0.522991606,,,,,,,,,,,,,,,,,,,,,,,,,,,,,,,,,,,,,,,,,,,,,,,,,,,,,,,,,,,,,,,,,,,,,,,,,,,,,,,,,,,,,,,,,,,,,,,,,,,,,,,,,,,,,,,,,,,,,,,,,,,,,,,,,,,,,,,,,,,,,,,,,,,,,,,,,,,,,,,,,,,,,,,,,,,,,,,,,,,,,,,,,,,,,,,,,,
147,1,0.094186252,1.508913341,0.400953601,0.116676338,0.766567087,1.241195339,1.241195339,0.009568175,0.680116655,0.095828387,0.051588725,0.058786246,0.65374764,0.018050959,0.128308543,0.055380113,0.035254961,0.016294238,16.02052645,4.257028945,,,,,,,,,,,,,,,,,,,,,,,,,,,,,,,,,,,,,,,,,,,,,,,,,,,,,,,,,,,,,,,,,,,,,,,,,,,,,,,,,,,,,,,,,,,,,,,,,,,,,,,,,,,,,,,,,,,,,,,,,,,,,,,,,,,,,,,,,,,,,,,,,,,,,,,,,,,,,,,,,,,,,,,,,,,,,,,,,,,,,,,,,,,,,,,,,,
157,1,0.138148481,1.710714267,0.263104948,0.072395759,2.168579496,1.436883287,1.436883287,0.039456896,1.19650419,0.149618551,0.080356992,0.362238357,4.296048486,0.028913385,0.792828913,1.372628364,0.024582526,0.008993789,12.38315655,1.90450844,,,,,,,,,,,,,,,,,,,,,,,,,,,,,,,,,,,,,,,,,,,,,,,,,,,,,,,,,,,,,,,,,,,,,,,,,,,,,,,,,,,,,,,,,,,,,,,,,,,,,,,,,,,,,,,,,,,,,,,,,,,,,,,,,,,,,,,,,,,,,,,,,,,,,,,,,,,,,,,,,,,,,,,,,,,,,,,,,,,,,,,,,,,,,,,,,,
110,1,0.024716448,0.363733386,0.027210298,0.071508682,1.154286136,0.656858054,0.656858054,0.010076726,0.030434312,0.021090987,0.032188562,0.083630444,0.450017678,0.014287065,0.149675975,0.182126665,0.028121282,0.015094284,14.71624831,1.100898398,,,,,,,,,,,,,,,,,,,,,,,,,,,,,,,,,,,,,,,,,,,,,,,,,,,,,,,,,,,,,,,,,,,,,,,,,,,,,,,,,,,,,,,,,,,,,,,,,,,,,,,,,,,,,,,,,,,,,,,,,,,,,,,,,,,,,,,,,,,,,,,,,,,,,,,,,,,,,,,,,,,,,,,,,,,,,,,,,,,,,,,,,,,,,,,,,,
129,1,0.008819575,0.105824182,0.181662289,0.016050805,0.02525673,0.085146197,0.085146197,0.004056653,0.038456426,0.007468473,0.029937589,0.033343506,0.044190177,0.013037509,0.0270972,0.021825097,0.008609679,0.009018503,11.99878475,20.59762392,,,,,,,,,,,,,,,,,,,,,,,,,,,,,,,,,,,,,,,,,,,,,,,,,,,,,,,,,,,,,,,,,,,,,,,,,,,,,,,,,,,,,,,,,,,,,,,,,,,,,,,,,,,,,,,,,,,,,,,,,,,,,,,,,,,,,,,,,,,,,,,,,,,,,,,,,,,,,,,,,,,,,,,,,,,,,,,,,,,,,,,,,,,,,,,,,,
114,1,0.046845639,0.169826663,0.062467513,0.067849158,0.65354968,0.025113492,0.028512492,0.004217514,0.130015347,0.052288036,0.030425036,0.055783456,0.136195104,0.014418626,0.047385863,0.036597284,0.014910708,0.013793511,3.625239545,1.333475524,,,,,,,,,,,,,,,,,,,,,,,,,,,,,,,,,,,,,,,,,,,,,,,,,,,,,,,,,,,,,,,,,,,,,,,,,,,,,,,,,,,,,,,,,,,,,,,,,,,,,,,,,,,,,,,,,,,,,,,,,,,,,,,,,,,,,,,,,,,,,,,,,,,,,,,,,,,,,,,,,,,,,,,,,,,,,,,,,,,,,,,,,,,,,,,,,,
180,1,0.017691238,1.830488716,0.128942824,0.053750043,0.949613323,0.139404754,0.139404754,0.018107561,1.0817035,0.018969723,0.036168115,0.085636887,0.364997999,0.013011563,0.122555701,0.05122344,0.01952132,0.009004444,103.4686615,7.288513331,,,,,,,,,,,,,,,,,,,,,,,,,,,,,,,,,,,,,,,,,,,,,,,,,,,,,,,,,,,,,,,,,,,,,,,,,,,,,,,,,,,,,,,,,,,,,,,,,,,,,,,,,,,,,,,,,,,,,,,,,,,,,,,,,,,,,,,,,,,,,,,,,,,,,,,,,,,,,,,,,,,,,,,,,,,,,,,,,,,,,,,,,,,,,,,,,,
153,1,0.023590577,0.299038871,0.250472516,0.024066231,0.360684215,0.225561999,0.225561999,0.010025352,0.083857861,0.027858466,0.0374396,0.145228427,1.974338236,0.019907253,0.599474517,0.10927089,0.012064503,0.006284997,12.67619995,10.61748155,,,,,,,,,,,,,,,,,,,,,,,,,,,,,,,,,,,,,,,,,,,,,,,,,,,,,,,,,,,,,,,,,,,,,,,,,,,,,,,,,,,,,,,,,,,,,,,,,,,,,,,,,,,,,,,,,,,,,,,,,,,,,,,,,,,,,,,,,,,,,,,,,,,,,,,,,,,,,,,,,,,,,,,,,,,,,,,,,,,,,,,,,,,,,,,,,,
102,1,0.013077351,0.180028994,0.095797856,0.029884537,0.837900427,0.121896506,0.123497219,0.009432625,0.23278195,0.011698375,0.028634938,0.149661883,0.229753311,0.019448661,0.050978125,0.030161628,0.015312491,0.023104681,13.76647258,7.325478684,,,,,,,,,,,,,,,,,,,,,,,,,,,,,,,,,,,,,,,,,,,,,,,,,,,,,,,,,,,,,,,,,,,,,,,,,,,,,,,,,,,,,,,,,,,,,,,,,,,,,,,,,,,,,,,,,,,,,,,,,,,,,,,,,,,,,,,,,,,,,,,,,,,,,,,,,,,,,,,,,,,,,,,,,,,,,,,,,,,,,,,,,,,,,,,,,,
227,1,0.004404971,0.314667874,0.182688012,0.097458763,0.597966818,0.117244458,0.11664539,0.004056653,0.061748672,0.004056653,0.031217454,0.092421308,0.426406647,0.019785886,0.05900768,0.041942032,0.032528017,0.017371294,71.43472091,41.4731475,,,,,,,,,,,,,,,,,,,,,,,,,,,,,,,,,,,,,,,,,,,,,,,,,,,,,,,,,,,,,,,,,,,,,,,,,,,,,,,,,,,,,,,,,,,,,,,,,,,,,,,,,,,,,,,,,,,,,,,,,,,,,,,,,,,,,,,,,,,,,,,,,,,,,,,,,,,,,,,,,,,,,,,,,,,,,,,,,,,,,,,,,,,,,,,,,,
186,1,0.057130514,1.279178908,0.28194105,0.235774507,1.231562701,0.412095512,0.412095512,0.023805067,1.633588798,0.04266599,0.045401048,0.101689077,1.152224882,0.015180982,0.521860494,0.141816293,0.047350817,0.016416164,22.39046734,4.935034367,,,,,,,,,,,,,,,,,,,,,,,,,,,,,,,,,,,,,,,,,,,,,,,,,,,,,,,,,,,,,,,,,,,,,,,,,,,,,,,,,,,,,,,,,,,,,,,,,,,,,,,,,,,,,,,,,,,,,,,,,,,,,,,,,,,,,,,,,,,,,,,,,,,,,,,,,,,,,,,,,,,,,,,,,,,,,,,,,,,,,,,,,,,,,,,,,,
149,1,0.017316092,3.682772062,0.772072298,0.016984937,0.004086125,0.017398525,0.017398525,0.015279998,1.249938938,0.01400236,0.077674806,0.041038529,0.094070292,0.016736105,0.050927925,0.023901122,0.009199184,0.006633173,212.6791693,44.58698291,,,,,,,,,,,,,,,,,,,,,,,,,,,,,,,,,,,,,,,,,,,,,,,,,,,,,,,,,,,,,,,,,,,,,,,,,,,,,,,,,,,,,,,,,,,,,,,,,,,,,,,,,,,,,,,,,,,,,,,,,,,,,,,,,,,,,,,,,,,,,,,,,,,,,,,,,,,,,,,,,,,,,,,,,,,,,,,,,,,,,,,,,,,,,,,,,,
13,1,0.209134378,1.83855612,0.21296977,0.061693344,2.337349314,1.376775393,1.376775393,0.032618085,1.783872802,0.159804733,0.040098127,0.155867374,1.101843858,0.021432549,0.156028083,0.191725651,0.024154166,0.009683367,8.791266828,1.018339366,,,,,,,,,,,,,,,,,,,,,,,,,,,,,,,,,,,,,,,,,,,,,,,,,,,,,,,,,,,,,,,,,,,,,,,,,,,,,,,,,,,,,,,,,,,,,,,,,,,,,,,,,,,,,,,,,,,,,,,,,,,,,,,,,,,,,,,,,,,,,,,,,,,,,,,,,,,,,,,,,,,,,,,,,,,,,,,,,,,,,,,,,,,,,,,,,,
166,1,0.082204798,0.834536559,0.309249009,0.403373655,0.622696752,9.379045943,9.385871647,0.00685808,0.937915552,0.095854251,0.034391716,0.131633619,1.726188111,0.01389245,0.119834454,0.096553225,0.118726797,0.030332201,10.15192032,3.761933811,,,,,,,,,,,,,,,,,,,,,,,,,,,,,,,,,,,,,,,,,,,,,,,,,,,,,,,,,,,,,,,,,,,,,,,,,,,,,,,,,,,,,,,,,,,,,,,,,,,,,,,,,,,,,,,,,,,,,,,,,,,,,,,,,,,,,,,,,,,,,,,,,,,,,,,,,,,,,,,,,,,,,,,,,,,,,,,,,,,,,,,,,,,,,,,,,,
151,1,0.054271636,0.393505673,0.25650076,0.051512837,1.630091374,0.349189867,0.349189867,0.006298394,0.28973983,0.044153415,0.032088128,0.240185321,0.231195097,0.016963266,0.062154169,0.083976039,0.019459017,0.010459698,7.250669079,4.726239688,,,,,,,,,,,,,,,,,,,,,,,,,,,,,,,,,,,,,,,,,,,,,,,,,,,,,,,,,,,,,,,,,,,,,,,,,,,,,,,,,,,,,,,,,,,,,,,,,,,,,,,,,,,,,,,,,,,,,,,,,,,,,,,,,,,,,,,,,,,,,,,,,,,,,,,,,,,,,,,,,,,,,,,,,,,,,,,,,,,,,,,,,,,,,,,,,,
8,1,0.004305028,0.501849925,0.207672985,0.114922538,1.137722291,0.136220398,0.135610145,0.005546901,0.339545964,0.004056653,0.033725644,0.068183213,1.581074746,0.021831059,0.278299099,0.39634988,0.038524394,0.011340651,116.5729758,48.2396363,,,,,,,,,,,,,,,,,,,,,,,,,,,,,,,,,,,,,,,,,,,,,,,,,,,,,,,,,,,,,,,,,,,,,,,,,,,,,,,,,,,,,,,,,,,,,,,,,,,,,,,,,,,,,,,,,,,,,,,,,,,,,,,,,,,,,,,,,,,,,,,,,,,,,,,,,,,,,,,,,,,,,,,,,,,,,,,,,,,,,,,,,,,,,,,,,,
160,1,0.005683906,0.544990247,0.006165652,0.005380829,3.612934188,0.460444732,0.460444732,0.006571499,1.228428995,0.008529212,0.02789599,0.056835948,0.98733148,0.018248642,0.191655616,0.023837297,0.005770402,0.005483566,95.88305067,1.084756152,,,,,,,,,,,,,,,,,,,,,,,,,,,,,,,,,,,,,,,,,,,,,,,,,,,,,,,,,,,,,,,,,,,,,,,,,,,,,,,,,,,,,,,,,,,,,,,,,,,,,,,,,,,,,,,,,,,,,,,,,,,,,,,,,,,,,,,,,,,,,,,,,,,,,,,,,,,,,,,,,,,,,,,,,,,,,,,,,,,,,,,,,,,,,,,,,,
97,1,0.180095187,0.686621322,0.006185779,0.005628445,0.711423765,0.864906007,0.864906007,0.045848556,0.913030161,0.198691507,0.062693317,1.098447249,2.281095652,0.01789393,0.155982964,0.722736657,0.005529371,0.005839136,3.812546762,0.034347275,,,,,,,,,,,,,,,,,,,,,,,,,,,,,,,,,,,,,,,,,,,,,,,,,,,,,,,,,,,,,,,,,,,,,,,,,,,,,,,,,,,,,,,,,,,,,,,,,,,,,,,,,,,,,,,,,,,,,,,,,,,,,,,,,,,,,,,,,,,,,,,,,,,,,,,,,,,,,,,,,,,,,,,,,,,,,,,,,,,,,,,,,,,,,,,,,,
191,1,0.004113369,0.080855481,0.103002469,0.017387822,0.01727475,0.062422842,0.062422842,0.004113369,0.011074176,0.004150636,0.028269286,0.033222701,0.073207088,0.015129334,0.095624936,0.038042725,0.006937709,0.008076862,19.65675362,25.04090175,,,,,,,,,,,,,,,,,,,,,,,,,,,,,,,,,,,,,,,,,,,,,,,,,,,,,,,,,,,,,,,,,,,,,,,,,,,,,,,,,,,,,,,,,,,,,,,,,,,,,,,,,,,,,,,,,,,,,,,,,,,,,,,,,,,,,,,,,,,,,,,,,,,,,,,,,,,,,,,,,,,,,,,,,,,,,,,,,,,,,,,,,,,,,,,,,,
7,1,0.010010974,2.235554447,0.54764636,0.017468987,0.05610125,0.018322779,0.018322779,0.005398472,0.595693418,0.012628871,0.047416949,0.05739962,0.148045991,0.018611934,0.052435926,0.08172603,0.009386471,0.009889467,223.3103839,54.70460317,,,,,,,,,,,,,,,,,,,,,,,,,,,,,,,,,,,,,,,,,,,,,,,,,,,,,,,,,,,,,,,,,,,,,,,,,,,,,,,,,,,,,,,,,,,,,,,,,,,,,,,,,,,,,,,,,,,,,,,,,,,,,,,,,,,,,,,,,,,,,,,,,,,,,,,,,,,,,,,,,,,,,,,,,,,,,,,,,,,,,,,,,,,,,,,,,,
173,1,0.088929327,0.696892347,0.086436059,0.054564816,1.000990637,1.295695543,1.293996768,0.011070924,0.832041738,0.075228165,0.038502102,0.153820864,0.354914731,0.014392715,0.042667328,0.099301756,0.01752991,0.01301393,7.836473866,0.97196349,,,,,,,,,,,,,,,,,,,,,,,,,,,,,,,,,,,,,,,,,,,,,,,,,,,,,,,,,,,,,,,,,,,,,,,,,,,,,,,,,,,,,,,,,,,,,,,,,,,,,,,,,,,,,,,,,,,,,,,,,,,,,,,,,,,,,,,,,,,,,,,,,,,,,,,,,,,,,,,,,,,,,,,,,,,,,,,,,,,,,,,,,,,,,,,,,,
179,1,0.00412068,0.119141318,0.044124388,0.09056582,0.018304664,0.056678648,0.056773035,0.004056653,0.018612356,0.004131602,0.027758348,0.029759515,0.180697535,0.01561281,0.088172874,0.12688152,0.029004225,0.023272208,28.91302358,10.70803557,,,,,,,,,,,,,,,,,,,,,,,,,,,,,,,,,,,,,,,,,,,,,,,,,,,,,,,,,,,,,,,,,,,,,,,,,,,,,,,,,,,,,,,,,,,,,,,,,,,,,,,,,,,,,,,,,,,,,,,,,,,,,,,,,,,,,,,,,,,,,,,,,,,,,,,,,,,,,,,,,,,,,,,,,,,,,,,,,,,,,,,,,,,,,,,,,,
100,1,0.072179238,1.033247688,0.018611619,0.033290114,1.27397674,0.690250608,0.690250608,0.053748813,1.4113197,0.038228753,0.02854749,0.179427975,0.426513662,0.013982991,0.14039169,0.048883262,0.014241786,0.00880008,14.31502627,0.257852805,,,,,,,,,,,,,,,,,,,,,,,,,,,,,,,,,,,,,,,,,,,,,,,,,,,,,,,,,,,,,,,,,,,,,,,,,,,,,,,,,,,,,,,,,,,,,,,,,,,,,,,,,,,,,,,,,,,,,,,,,,,,,,,,,,,,,,,,,,,,,,,,,,,,,,,,,,,,,,,,,,,,,,,,,,,,,,,,,,,,,,,,,,,,,,,,,,
117,1,0.004056653,0.226903143,0.119616957,0.279626745,1.004871076,0.992904201,0.990002862,0.005621191,0.012530473,0.004056653,0.027766884,0.183011044,1.093280618,0.026865513,0.16720075,0.104364405,0.080418269,0.034849272,55.93358441,29.48661298,,,,,,,,,,,,,,,,,,,,,,,,,,,,,,,,,,,,,,,,,,,,,,,,,,,,,,,,,,,,,,,,,,,,,,,,,,,,,,,,,,,,,,,,,,,,,,,,,,,,,,,,,,,,,,,,,,,,,,,,,,,,,,,,,,,,,,,,,,,,,,,,,,,,,,,,,,,,,,,,,,,,,,,,,,,,,,,,,,,,,,,,,,,,,,,,,,
92,1,0.004056653,0.273011984,1.962256036,0.130012736,1.524613564,0.19406308,0.261725773,0.011644082,0.064259517,0.004056653,0.031549934,0.945006672,1.240185399,0.076519619,0.211167805,1.212167099,0.047760875,0.016454315,67.29981194,483.71306,,,,,,,,,,,,,,,,,,,,,,,,,,,,,,,,,,,,,,,,,,,,,,,,,,,,,,,,,,,,,,,,,,,,,,,,,,,,,,,,,,,,,,,,,,,,,,,,,,,,,,,,,,,,,,,,,,,,,,,,,,,,,,,,,,,,,,,,,,,,,,,,,,,,,,,,,,,,,,,,,,,,,,,,,,,,,,,,,,,,,,,,,,,,,,,,,,
176,1,0.008926641,0.488553945,0.543274783,0.124219215,0.956563335,0.061973048,0.062599811,0.006839503,0.237962802,0.005262555,0.02932409,0.98427694,2.06320187,0.054797754,0.527488201,0.493140082,0.043746193,0.018735671,54.72987488,60.8599341,,,,,,,,,,,,,,,,,,,,,,,,,,,,,,,,,,,,,,,,,,,,,,,,,,,,,,,,,,,,,,,,,,,,,,,,,,,,,,,,,,,,,,,,,,,,,,,,,,,,,,,,,,,,,,,,,,,,,,,,,,,,,,,,,,,,,,,,,,,,,,,,,,,,,,,,,,,,,,,,,,,,,,,,,,,,,,,,,,,,,,,,,,,,,,,,,,
174,1,0.148270474,1.340602494,0.196504157,0.087223014,1.036520967,1.979121152,1.994178498,0.01052238,2.886294377,0.113598634,0.032168018,0.078522135,0.360234735,0.01255887,0.103074976,0.047896427,0.023990148,0.020483072,9.041601189,1.325308753,,,,,,,,,,,,,,,,,,,,,,,,,,,,,,,,,,,,,,,,,,,,,,,,,,,,,,,,,,,,,,,,,,,,,,,,,,,,,,,,,,,,,,,,,,,,,,,,,,,,,,,,,,,,,,,,,,,,,,,,,,,,,,,,,,,,,,,,,,,,,,,,,,,,,,,,,,,,,,,,,,,,,,,,,,,,,,,,,,,,,,,,,,,,,,,,,,
172,1,0.012215868,0.078795222,0.006027142,0.005354048,9.922837523,0.032457008,0.032457008,0.005407517,0.137801503,0.013041111,0.029926888,0.05760545,0.332024989,0.013667691,0.053066318,0.036164782,0.005362106,0.005398878,6.450235219,0.493386307,,,,,,,,,,,,,,,,,,,,,,,,,,,,,,,,,,,,,,,,,,,,,,,,,,,,,,,,,,,,,,,,,,,,,,,,,,,,,,,,,,,,,,,,,,,,,,,,,,,,,,,,,,,,,,,,,,,,,,,,,,,,,,,,,,,,,,,,,,,,,,,,,,,,,,,,,,,,,,,,,,,,,,,,,,,,,,,,,,,,,,,,,,,,,,,,,,
213,1,0.168443093,0.956486754,0.049400556,0.012938069,0.706387504,0.493998184,0.493998184,0.005066849,0.180010691,0.152510691,0.049143367,0.068567152,0.508459856,0.012840009,0.083492574,0.037362012,0.007631921,0.007287268,5.678397,0.293277422,,,,,,,,,,,,,,,,,,,,,,,,,,,,,,,,,,,,,,,,,,,,,,,,,,,,,,,,,,,,,,,,,,,,,,,,,,,,,,,,,,,,,,,,,,,,,,,,,,,,,,,,,,,,,,,,,,,,,,,,,,,,,,,,,,,,,,,,,,,,,,,,,,,,,,,,,,,,,,,,,,,,,,,,,,,,,,,,,,,,,,,,,,,,,,,,,,
195,1,0.035038845,0.680177727,0.252418348,0.090342656,0.013152218,0.089234797,0.089234797,0.005605763,0.346830906,0.039110281,0.03289081,0.500280227,0.173269209,0.021436294,0.043870716,0.092033009,0.030585396,0.034976645,19.41210468,7.203957436,,,,,,,,,,,,,,,,,,,,,,,,,,,,,,,,,,,,,,,,,,,,,,,,,,,,,,,,,,,,,,,,,,,,,,,,,,,,,,,,,,,,,,,,,,,,,,,,,,,,,,,,,,,,,,,,,,,,,,,,,,,,,,,,,,,,,,,,,,,,,,,,,,,,,,,,,,,,,,,,,,,,,,,,,,,,,,,,,,,,,,,,,,,,,,,,,,
229,1,0.013081466,6.722618817,2.098852109,0.149431905,0.596950965,0.493065298,0.493065298,0.202226496,0.443617586,0.062049011,0.095762626,0.586900572,2.499031756,0.064304423,0.708460152,0.357023695,0.047393011,0.008966256,513.9040851,160.4447169,,,,,,,,,,,,,,,,,,,,,,,,,,,,,,,,,,,,,,,,,,,,,,,,,,,,,,,,,,,,,,,,,,,,,,,,,,,,,,,,,,,,,,,,,,,,,,,,,,,,,,,,,,,,,,,,,,,,,,,,,,,,,,,,,,,,,,,,,,,,,,,,,,,,,,,,,,,,,,,,,,,,,,,,,,,,,,,,,,,,,,,,,,,,,,,,,,
58,1,0.02293779,1.017858656,0.610345157,0.038133693,0.375906496,0.088732142,0.088555656,0.004056653,0.224842163,0.026714351,0.048524748,0.116928003,0.211558929,0.027691487,0.069473486,0.039536614,0.014791366,0.019149956,44.37474822,26.60871675,,,,,,,,,,,,,,,,,,,,,,,,,,,,,,,,,,,,,,,,,,,,,,,,,,,,,,,,,,,,,,,,,,,,,,,,,,,,,,,,,,,,,,,,,,,,,,,,,,,,,,,,,,,,,,,,,,,,,,,,,,,,,,,,,,,,,,,,,,,,,,,,,,,,,,,,,,,,,,,,,,,,,,,,,,,,,,,,,,,,,,,,,,,,,,,,,,
189,1,0.00434349,0.045127263,0.040976834,0.011819288,0.027911656,0.013747606,0.013785193,0.004056653,0.002012765,0.004902127,0.029071576,0.022449573,0.038614249,0.014288966,0.034322127,0.024755534,0.007108552,0.00612187,10.38963207,9.434080428,,,,,,,,,,,,,,,,,,,,,,,,,,,,,,,,,,,,,,,,,,,,,,,,,,,,,,,,,,,,,,,,,,,,,,,,,,,,,,,,,,,,,,,,,,,,,,,,,,,,,,,,,,,,,,,,,,,,,,,,,,,,,,,,,,,,,,,,,,,,,,,,,,,,,,,,,,,,,,,,,,,,,,,,,,,,,,,,,,,,,,,,,,,,,,,,,,
225,1,0.084505804,0.275424738,0.008133952,0.006788093,1.421925961,0.635813392,0.637980533,0.012198495,0.205548527,0.068330957,0.037981456,0.18055211,0.99994762,0.015428193,0.127870703,0.030281647,0.006229184,0.005673061,3.25924049,0.096253176,,,,,,,,,,,,,,,,,,,,,,,,,,,,,,,,,,,,,,,,,,,,,,,,,,,,,,,,,,,,,,,,,,,,,,,,,,,,,,,,,,,,,,,,,,,,,,,,,,,,,,,,,,,,,,,,,,,,,,,,,,,,,,,,,,,,,,,,,,,,,,,,,,,,,,,,,,,,,,,,,,,,,,,,,,,,,,,,,,,,,,,,,,,,,,,,,,
209,1,0.047752261,0.541586497,0.270979735,0.061501906,1.327793896,0.465941585,0.465941585,0.004056653,0.131268447,0.054185134,0.035343726,0.143319681,0.454185152,0.019024906,0.09059687,0.11612962,0.022152361,0.018935148,11.34158856,5.674699571,,,,,,,,,,,,,,,,,,,,,,,,,,,,,,,,,,,,,,,,,,,,,,,,,,,,,,,,,,,,,,,,,,,,,,,,,,,,,,,,,,,,,,,,,,,,,,,,,,,,,,,,,,,,,,,,,,,,,,,,,,,,,,,,,,,,,,,,,,,,,,,,,,,,,,,,,,,,,,,,,,,,,,,,,,,,,,,,,,,,,,,,,,,,,,,,,,
185,1,0.013632679,1.973436585,0.889775144,0.050243594,0.269878157,0.086214318,0.086214318,0.004056653,0.258825745,0.016166145,0.081806262,0.113545136,0.315218488,0.019875105,0.116459274,0.046994491,0.017220427,0.013522273,144.7577974,65.26781302,,,,,,,,,,,,,,,,,,,,,,,,,,,,,,,,,,,,,,,,,,,,,,,,,,,,,,,,,,,,,,,,,,,,,,,,,,,,,,,,,,,,,,,,,,,,,,,,,,,,,,,,,,,,,,,,,,,,,,,,,,,,,,,,,,,,,,,,,,,,,,,,,,,,,,,,,,,,,,,,,,,,,,,,,,,,,,,,,,,,,,,,,,,,,,,,,,