name,batch01_QC03,batch01_QC01,batch01_QC02,batch01_C05,batch01_S07,batch01_C10,batch01_QC04,batch01_S01,batch01_C03,batch01_S05,batch01_C07,batch01_S06,batch01_QC05,batch01_C08,batch01_C06,batch01_S02,batch01_S09,batch01_QC06,batch01_S04,batch01_C04,batch01_S10,batch01_C09,batch01_QC07,batch02_C05,batch02_S03,batch02_S07,batch02_C01,batch02_C10,batch02_QC08,batch02_S01,batch02_C03,batch02_S05,batch02_C07,batch02_S06,batch02_QC09,batch02_C08,batch02_C06,batch02_S02,batch02_S09,batch02_C02,batch02_QC10,batch02_S04,batch02_S08,batch02_C04,batch02_S10,batch02_C09,batch02_QC11,batch03_C05,batch03_S03,batch03_S07,batch03_C01,batch03_C10,batch03_QC12,batch03_S01,batch03_C03,batch03_S05,batch03_C07,batch03_S06,batch03_QC13,batch03_C08,batch03_C06,batch03_S02,batch03_S09,batch03_C02,batch03_QC14,batch03_S04,batch03_S08,batch03_C04,batch03_S10,batch03_C09,batch03_QC15,batch04_C05,batch04_S03,batch04_S07,batch04_C01,batch04_QC16,batch04_S01,batch04_S05,batch04_C07,batch04_S06,batch04_QC17,batch04_C08,batch04_C06,batch04_S02,batch04_S09,batch04_C02,batch04_QC18,batch04_S08,batch04_C04,batch04_S10,batch04_QC19,batch05_QC20,batch05_S03,batch05_S07,batch05_C01,batch05_C10,batch05_QC21,batch05_S01,batch05_C03,batch05_C07,batch05_QC22,batch05_C06,batch05_C02,batch05_QC23,batch05_S04,batch05_S08,batch05_C04,batch05_QC24,batch06_QC25,batch06_S03,batch06_C10,batch06_QC26,batch06_S01,batch06_C03,batch06_S05,batch06_C07,batch06_S06,batch06_QC27,batch06_C08,batch06_C06,batch06_S02,batch06_C02,batch06_QC28,batch06_S04,batch06_S08,batch06_C04,batch06_C09,batch06_QC29,batch07_QC30,batch07_C05,batch07_S03,batch07_S07,batch07_C01,batch07_C10,batch07_QC31,batch07_C03,batch07_S05,batch07_C07,batch07_S06,batch07_QC32,batch07_C08,batch07_S02,batch07_S09,batch07_C02,batch07_QC33,batch07_S04,batch07_S08,batch07_S10,batch07_C09,batch07_QC34,batch08_C05,batch08_S03,batch08_S07,batch08_C01,batch08_C10,batch08_QC36,batch08_S01,batch08_C03,batch08_S05,batch08_C07,batch08_S06,batch08_QC37,batch08_C08,batch08_S02,batch08_S09,batch08_QC38,batch08_S04,batch08_S08,batch08_C04,batch08_S10,batch08_C09,batch08_QC39
78.02055,14023,13071,15270,0,9164.8,16760,15879,9922.4,17853,7495,18793,9002.3,18566,11910,16325,7042.1,8023.1,17536,11470,14808,0,9663.5,15186,0,10655,7562.4,74655,16141,12607,13369,21633,10687,21005,19283,14836,11018,16319,7598.9,0,12867,14898,12310,4207.5,14989,0,11840,16307,0,13941,10785,40707,15922,9955.1,6731.6,16662,10109,17473,14974,16029,12349,14090,5193.7,7016.7,20945,13225,8399.4,7256.3,9867.1,0,12876,14555,0,8796.3,0,32313,16273,10189,10246,16515,13248,15776,4212.3,14782,0,6825.2,19755,8281.9,3857,11991,0,12835,7325.5,8313.5,5457.9,30477,11583,0,9170.6,21752,14421,3581.8,13696,14731,6343.6,7376.1,3170.9,11599,6133.8,0,9598.1,11561,6039.5,13813,14744,8373.8,9430.5,8724,0,9242.9,6863.9,0,12142,7503.1,0,2707,12157,0,0,29241,0,23592,20002,63505,55143,27576,47524,23438,50457,22382,26772,51960,22662,14988,35268,32191,23085,25340,3205.6,33746,27662,5349.7,20355,21072,58521,47180,23698,13247,32493,18824,44046,21557,27344,29607,22799,15719,29325,25061,24538,39243,0,34368,33017
452.00345,22455,10737,27397,16898,34420,26748,20038,21440,33865,13152,18691,23453,13017,29544,20569,17659,26118,22809,38006,31521,26982,17127,20498,21558,22947,40839,32622,21703,19690,26942,39091,20550,15213,18769,21150,34546,25378,25745,33403,41503,26583,43435,36211,29910,23946,16451,19352,16958,31806,30816,32257,23076,13954,21046,33271,20278,20497,20800,19066,33474,38519,25530,24690,35630,20446,35111,31933,21916,22848,21054,18811,16409,14175,41903,31302,23170,22037,17391,24111,11828,16283,19590,20556,14298,27259,49219,17648,29046,28482,17998,23072,9243.6,23371,42719,31467,20656,11605,16098,28597,26451,14557,31930,33094,15671,20080,30081,23217,12022,0,18775,17392,20749,31105,53337,21835,19340,20862,10644,30146,17927,22577,30273,21874,27529,17826,48970,23493,14302,24164,21710,31924,42435,40845,19153,24446,36039,23216,21911,26732,27146,30015,21246,22909,42272,24100,27694,31078,29947,16436,23152,18903,16273,36423,41648,24348,28339,22525,31606,22073,19580,18556,26214,34481,24498,26736,23825,34582,29380,25521,0,19149,26974
138.96337,6635.4,8062.3,6294.6,6380.5,4990.5,5550.6,6419.4,5608.4,6974.3,8560.6,7908.5,8480.9,6596.2,7281.4,6422.1,7111.2,7016.7,7290.9,6364.8,7302.8,5695.7,8794.8,7323.4,6977.6,7284,5831.6,7089.2,5883.7,6210.2,6025,7974.8,5968.7,6555.8,6516,7203.5,7742,8554.3,9591.3,7604.1,8314.5,6330.9,5277.6,6242.3,7708.6,7847.8,9063.2,7815.4,9371.1,8370.5,5702.3,8450.2,6345.3,7829.1,5471.6,7119,6699.4,9607,6400,5256,9685.3,7615.6,7688.8,8994.4,10804,7046.7,7775.8,6194.5,7051.3,6709.7,9362.7,5390.2,8480.5,6740.1,5724.4,7344.8,6516.7,6066.9,6398.9,8439.5,7356.9,7341.8,6892.4,8391.9,8032.3,6995.1,8521,7556.2,7336.2,8599.8,4420.1,6943.7,10127,6416.6,6027.9,8439.9,7510.6,10698,6677.3,9693.2,10889,8300.7,8141.8,6657.7,9126.2,8503.2,6953.3,7645.6,6055.1,5996.8,6524,5555.9,6142.8,5216.8,6361.5,6965.9,6603.2,6147.4,7992.9,7125.9,7557.8,6540.4,6405,7688.6,8106.4,4706.1,7557.5,8843.2,7089.4,5537.1,7167.4,6054.2,5268,4233.7,3190.8,7514.8,6856.2,5857.3,7254.3,7482.1,7188.3,7795.2,6426.7,4763.6,6338.7,4339,5746.7,4974.2,6188.7,7639.5,8833.4,6545.4,5639.5,5931.4,3673.9,3384.2,6092.6,3861.5,5851.2,0,6368.6,4656,6554.7,6546.9,6125.7,5925.9,4549.9,5685.3,7427.5,7910.2,5595.9,7496.9,5562.3
73.53838,26493,26141,25944,14949,33159,30454,27685,40598,24068,30021,19279,22759,27947,16693,12201,22376,19190,29738,31314,28785,22648,15905,24547,16081,28522,36987,23453,33383,24282,33264,25176,29744,23676,27990,23000,15956,12935,24102,18827,13330,26829,29886,23207,22027,25815,17601,30627,16595,26402,38442,25577,53021,27063,37565,24780,28286,20173,21432,28383,15619,11858,27493,20329,14412,22429,27198,19229,22430,23669,18204,32322,18017,25618,30280,29980,23641,32419,34064,17415,27423,24780,21855,11916,33332,17598,13871,23151,19667,20957,33176,28154,24721,25477,42289,22335,30439,23941,33504,22718,22805,20971,15089,12077,24039,33389,24603,26302,23535,21681,19161,20029,21825,36691,32174,34358,20630,34354,25590,16867,8152.5,15740,10229,20691,35479,6670.5,36257,18919,26907,21542,29597,23228,33568,23695,49267,25140,22903,25138,15553,18945,22283,15512,29868,20366,12714,23859,25128,27205,23295,18143,19105,18363,24076,32940,20863,27247,20009,26444,20684,21832,19532,19280,23489,14915,26628,20378,19728,33835,22598,22432,24480,14866,22904
385.12885,57625,56964,59045,78490,44919,56948,49356,44319,47684,44787,62213,53348,55748,60310,58945,42025,47903,51314,41417,37924,38863,88240,51710,68420,37928,57172,71305,59312,51260,46782,52746,38578,59026,46450,53539,52508,53999,34650,52919,45099,56385,47768,52179,47861,42636,86435,48409,73069,40485,46096,72602,60774,58744,53187,53167,44050,62643,46966,53251,57378,57879,41499,49818,48097,49415,38946,37363,47706,34313,78043,48582,74069,43990,47360,82244,57210,40649,44381,60267,39753,54030,75556,58149,44959,50686,49442,55209,44701,46492,53583,54804,62658,39296,45773,68881,55290,69388,55499,47093,57314,65066,54726,55370,58244,43627,49519,36726,56161,57207,41373,62665,59858,39901,50311,32341,55925,51670,63529,51781,55219,35997,39814,54908,36634,31300,38166,85179,59301,43755,64767,37562,38353,62088,57068,41463,44045,37351,51731,39595,43018,52897,33636,51575,38688,44216,30702,31677,38949,61081,45865,57709,38636,40959,56816,44427,46274,39678,43696,32806,49221,37026,49547,42153,33557,43770,45095,36457,34843,39478,34479,60305,45387
237.02815,105490,90166,92315,90442,61791,96297,99930,103020,98519,85648,85120,173430,106110,163630,79178,98391,118480,96268,77957,121490,81244,100420,89196,95809,112600,68024,106090,129080,115020,99737,74145,67693,79317,126560,216540,160870,91007,110700,175810,107380,111850,96034,148580,127540,121640,175620,108220,128350,111460,99878,101150,134560,164860,98828,102390,95279,148930,137250,137720,253600,99748,107040,131550,146220,105610,105470,112210,80923,125640,126230,115490,98984,111490,106980,102820,133270,84254,89292,82904,105720,148610,174300,83571,120720,128320,94694,138430,122130,111470,80461,130190,131030,100990,129830,115410,178220,136740,128320,91282,135520,140270,75993,95451,120310,220120,75362,122290,124730,102570,188960,133430,112250,72284,51299,84818,71880,166790,123710,105340,100700,86835,138460,114580,96230,81434,62846,116520,99138,83849,100710,55138,79494,52390,242370,65697,85960,52640,68121,94402,103490,208130,64580,94064,48791,59258,42648,58250,94265,82008,68660,59151,119480,75522,68208,45692,51571,63061,60094,71980,59153,68936,72522,56306,50346,78838,63555,50279,68038,54476,110200,49647,60515
222.02744,34676,34025,30253,30470,19561,34299,31940,21290,28552,21580,32878,35638,31249,41049,30071,26162,25803,30855,18542,31861,21389,17719,27405,29073,18311,23185,37303,36549,27229,18452,23766,16638,33325,28778,27201,39730,21641,23212,30797,29618,25444,17991,28588,26950,21588,19712,24316,25964,18966,17602,34241,37805,29902,17852,25696,19417,26566,20758,26008,35531,25460,24545,37419,29163,21531,14316,22763,25482,27416,21060,26556,22627,16656,17262,32757,26432,16854,18711,27421,25703,24393,36156,22689,23878,32893,23405,24634,20688,24564,26197,25829,27307,16139,19631,32141,31351,27479,16705,26593,32297,24308,22249,25798,27515,18451,26531,25942,28717,26527,18843,30858,24383,16850,20015,17372,23159,24224,28053,31941,15184,16861,22992,22322,16277,12901,22767,19433,26918,67941,92435,55024,61252,114440,124180,73345,76545,51137,70207,69445,64582,103820,66557,85540,95495,75196,54999,81920,60343,61768,67652,76435,42132,60971,106250,103650,68283,49140,71154,50085,83627,68944,67944,84850,64809,80885,60004,53484,67361,70059,67327,49434,72990
399.33298,42457,44250,41942,209710,138080,137660,42609,185620,135960,176640,138170,157880,44122,140600,176920,224330,170470,41993,215250,158860,207060,150850,42665,220030,170090,206410,121810,143330,41322,151270,138860,156100,123750,129460,38547,151920,147000,186440,207380,156010,46429,160460,215190,165370,228650,170850,40724,182920,166410,142190,107240,130130,40694,174080,120240,235080,121530,114960,40500,106280,144010,187390,188330,163580,40246,156150,149140,171100,229400,161330,43595,183210,176820,190540,129850,50311,164700,179380,143540,143960,37237,250490,163500,184960,145290,167050,48212,181430,176330,267330,50102,71301,212690,166490,115450,139470,58229,182700,119500,122270,67162,173840,171030,65257,146430,190030,219420,59058,78539,160740,141860,64972,187340,141580,155010,134800,120210,80091,121150,133780,206130,137860,63024,180330,165350,161250,137130,72507,72344,223360,172120,216570,160100,137820,81575,127390,199240,108280,151740,72696,144190,223480,249250,162540,76734,200040,244140,277540,234130,77018,235970,221630,203030,125890,228680,69095,213000,132270,200330,116500,204780,72860,150300,233040,220100,66766,236670,223510,214850,292220,199580,72664
394.23541,36120,29848,36707,14463,27434,22518,35934,23453,25924,9235.7,17411,39385,31407,32974,19869,24933,26054,35436,15962,23425,21742,20461,32704,12882,17884,29504,25320,18156,32986,24811,20673,13419,15466,31549,30390,30646,22716,15486,23770,9838.5,35366,21360,25787,18432,26479,26620,33226,15082,17287,24923,28372,18568,38927,24788,30871,17013,31023,29135,37576,25384,16144,17591,23534,9532.9,33375,13319,32459,15489,23580,19797,34948,11662,18526,29017,23512,38014,18019,20844,15994,28154,33706,35895,17015,21095,25909,12543,35145,25491,16679,37297,31304,35257,19908,25696,22043,23303,36716,19640,27159,12571,43701,14420,20055,41570,14776,23573,20143,42481,52943,13500,15744,40961,13420,26066,12206,19466,34462,48940,18605,21665,20800,10323,48164,13605,20151,18016,13499,45009,38103,12956,17336,27141,28894,20598,47320,29376,27555,25654,31788,40986,27771,22052,28955,14579,43544,15290,25036,32756,18222,38995,20581,38439,28263,23479,29606,40099,27267,21521,23995,23895,37202,39571,23278,26969,31045,39081,16890,18266,14421,24733,26384,35410
446.13947,7789.3,9748.6,8932.4,0,11285,0,9035.3,5870.1,5585.7,6932,4735.1,6700.9,9203.9,2860.7,3760.2,11231,13899,9112.3,17021,7377.5,0,2689.8,9529.3,0,7663.4,10517,0,2544.1,9891.9,6515.5,8657.4,0,8544.5,11646,8728.9,4208.6,6092.5,10385,16401,6505.4,10520,15712,21651,3079.4,0,0,9334.3,0,8021.8,10117,0,0,10803,0,7306.9,3499,4602.2,11282,7873.3,5197.7,4590.4,11254,14346,3853,9510.8,18635,23233,0,4571.3,0,10386,0,9332.5,8991.3,0,7019,7788.3,0,2247.6,11250,8886.4,0,0,10291,16920,4901.1,9241,22988,7098.3,4955.2,7115.5,8745.2,8321,10768,3396,0,9095.2,6327.6,9149.9,0,0,0,5581,7735.5,16770,22938,5061.3,7553,8873.7,8942.6,0,6895.5,5294.3,8950.6,7355,7448.7,12373,8030.2,5381.2,3515.6,10912,0,8353,19250,23619,5836.6,3849.5,9494,9591.1,0,9918.1,11056,2704.3,4314.2,11963,8700.7,8705.7,4709.3,10698,6635.4,0,12564,13557,4661.8,9982.1,20761,23769,4866.1,4293.4,10439,0,4935.8,0,0,8089.6,9094.7,5039.2,4386.8,7614.4,5339.4,12000,11932,3894.5,5913.2,14694,5555.5,20007,24541,5635.7,0,4366.2,9255.8
428.03716,22190,22580,22054,19826,18834,22538,19492,17499,24771,21111,28631,16738,21874,23052,26307,21417,15663,21660,20396,22588,16448,21246,19133,19842,21334,24515,24983,23884,21997,17379,20352,15344,26387,9971.3,19310,21221,27080,19387,25649,26851,22302,20587,21158,22734,20246,18867,20733,19988,19950,20708,25042,26848,19384,18909,28721,16989,26253,18655,19778,29861,27231,23534,17686,32475,19933,21738,15952,27034,15620,18843,19010,14608,19692,17571,23111,20691,15391,17647,34761,7036.5,18140,21990,26129,21524,19123,25925,21582,15522,15020,18325,19667,25154,22918,24423,25106,23815,29480,15366,11725,48306,24601,26438,29028,24994,23715,26667,18622,25172,23037,23561,20205,25095,22055,26119,25023,30819,21273,29309,26926,16096,15157,17419,25550,26881,3646.2,21215,21031,28172,29960,46883,29235,31519,33009,37573,31733,39639,21263,24069,22551,30749,20594,21655,22738,42063,33428,28179,24553,19118,28525,34529,19083,25850,34503,35190,28597,30001,25946,32861,22292,33202,20941,34644,32440,28677,31115,27718,27813,23527,26333,21030,27253,30259
207.01423,595860,574650,628590,495010,712150,1111200,606020,430210,587190,483810,679850,360410,588560,551310,398090,666240,420070,563680,735680,804260,555450,559660,716670,560600,491510,566740,947240,1079600,686600,546860,653110,474210,767750,381030,688980,528850,456430,702990,364080,420020,676650,824630,482270,912090,526620,549850,588730,521510,570440,687040,1052300,1014400,619390,475510,652840,427360,692810,505780,650470,672240,460650,673790,363560,449600,737850,751280,571590,990720,489000,526220,625620,584380,512540,708280,947000,721750,530390,445160,724360,365950,656310,503600,459490,648680,443760,511890,620940,539750,980760,455960,616180,575760,531440,614040,1045000,1136100,575980,487620,670550,651770,606110,414700,513290,579330,709790,496280,760010,575690,614150,548950,1225200,631900,437800,684740,481320,710510,421550,542580,649670,542160,821620,551670,639390,736280,592290,819500,631140,559340,607210,435510,481690,603830,716910,820320,526510,654640,436530,790190,402830,620240,569890,567570,350850,440810,542430,669570,393870,447770,459720,627300,483730,421200,598000,999900,802730,582400,426620,617590,427890,623400,378350,533090,530180,558480,339120,584930,608690,417260,898330,412010,544760,555980
210.06077,12934,9819.3,13343,17150,0,0,6440,8356.3,8776.7,11935,11147,4920.7,7318,11856,10854,11827,9678.6,0,7714.7,8687.9,7479.5,8546.9,5556,17213,11551,9570.6,0,7886.8,11168,9738.7,6567.4,11291,9847.7,10696,8057.4,8680.4,13018,9809,12406,11183,10427,7484.2,9331.4,5646.8,8740.5,9978.4,4544.5,16221,11875,11217,5503.7,10215,9981,0,8829.6,10407,10269,6103.6,10636,14493,10088,9154,9145.5,11906,8187.8,7627.6,10318,3914.2,9300.4,6089.7,10031,19376,10272,10143,5385.9,10242,10112,6210.8,10837,8782.3,9886.9,13116,10659,11382,10699,6075.4,7431.4,8918.5,5494.5,11101,9392.5,9574.7,8180.2,7194.1,6180.3,6569.4,11382,9794,9403.1,8540.4,9987.2,10835,6400.7,0,14143,9887.1,4216.7,9889.1,12420,9687.3,10110,8212.3,6774,0,5290.7,7158.2,7983.1,6324.2,7871.7,5540.8,10445,4819.4,8767.6,0,5123.5,9251.5,8726.1,6790,10713,22450,8060.5,0,0,0,0,7121.6,12494,6101.2,7893.8,7470.9,0,9128.1,8544.9,0,0,0,8629.1,8899.6,0,8137.3,16302,12372,7409.9,0,0,0,0,10626,13741,0,0,0,6049.6,8935.8,7880.3,0,7739.8,5708.5,0,0,0,9258.5
397.06669,23796,21348,20614,12268,22411,20334,23064,27004,23688,24014,9521.7,34406,24950,28075,15969,21728,44806,23536,25934,25784,23363,9216.4,20588,10572,32491,28360,20739,21699,25726,30642,19976,20816,6650.3,28590,43084,25530,20541,24270,42280,19717,23144,24797,39966,31945,33646,20060,23014,11449,28692,29380,16009,22025,29179,24882,23515,27134,18920,39472,26516,31329,19681,27091,37686,30105,20770,27415,29983,20119,28914,15525,25693,12578,24351,34991,20238,26787,11246,20869,11140,22723,26399,43456,17049,29901,35079,23373,26391,32383,27687,22494,30082,22175,24655,37735,17442,27915,24467,27311,19003,16354,24079,9504.3,22685,22342,37589,22466,26762,21666,18960,47053,24700,25777,19503,15260,22445,0,34554,20739,17717,16955,20663,31699,22097,24024,21529,18360,15406,20816,20738,11649,17063,24225,11257,46230,18212,21665,21955,7671.5,27109,22495,31206,24044,39495,16960,14916,16107,16151,29371,9159.9,16696,9273.9,30170,25062,15796,7851.9,19333,20014,20013,22439,5804.4,21801,19329,16480,13891,26676,20284,18802,24328,18147,22937,9244.9,20832
315.03262,45235,55901,60073,77955,84668,69725,68335,81665,21086,101210,27008,56135,62448,57356,51106,70990,71282,68895,68948,20019,98710,47326,61319,65292,90088,67719,0,48527,63263,80029,17933,89962,17979,65994,52750,45628,44745,63914,42419,20702,59400,64856,79533,18219,72829,45635,55522,63618,71589,73023,0,48519,49833,68597,24344,82750,30692,72067,58196,40429,45647,59875,69002,36082,54215,53696,71635,19640,44731,39347,63229,73042,74372,68462,0,51444,75445,68240,36074,64174,49928,60377,51839,70477,55396,33970,43944,64071,22189,60567,51126,46989,53791,79873,12795,42743,43012,61959,22588,32296,47606,44901,24669,48245,49558,64128,14014,49222,48434,65904,43706,60369,88293,27616,103250,28205,72430,56359,57352,42383,49121,29338,43848,49967,53928,25976,54677,63401,66491,110530,104150,79605,11725,52201,77769,27482,88928,31788,64415,63540,39676,84195,84677,39538,67186,71626,88982,88752,52060,67263,77576,94802,84021,16318,62031,65208,86630,25766,93228,32970,50639,57725,49450,83117,71564,73227,63215,95961,23162,69082,60001,69709
174.08419,30431,26484,28452,40342,21972,18008,28857,41207,29558,26601,26309,32373,29883,22393,27229,24241,28006,28952,29005,21197,27434,20907,28910,40394,27410,28375,30738,14623,28853,35839,29517,27660,29271,35083,30014,21442,29650,21420,33000,24417,22446,27778,20571,18101,22658,27029,26842,35511,25293,27812,28057,17755,28443,37455,29064,24374,25152,30957,26411,25189,26531,24876,26386,22289,25912,25418,18291,23198,23578,20127,27644,36242,26660,21727,29568,25830,37922,28319,26330,30575,30203,20859,24019,23239,24741,21479,22724,20954,23172,30143,24989,23530,28272,25437,29003,17214,29979,41214,26475,31501,28044,29367,19874,24441,28267,22215,19957,26362,28421,27582,16335,23109,40628,32082,30318,27832,31742,24977,19669,25722,22676,18519,23092,31813,23820,19981,25638,23939,59637,79748,62822,49055,68371,40684,57110,61733,50558,53639,72690,58291,41508,49649,61626,50666,62899,58257,44608,61552,47651,56499,74287,63890,52495,66206,36673,64936,90603,63227,49079,49947,64828,56274,45125,49544,64492,57259,61482,41786,44341,59174,50027,50961
438.14243,27145,24312,24474,11152,28743,20689,21387,18090,19778,20612,9877,13525,24982,7304.3,11752,20269,20018,24376,27844,24426,20513,11497,24722,10176,23830,28544,19558,17921,26469,19467,20083,19957,18119,16446,22348,12028,13539,23534,23684,13037,25962,26587,19418,21162,19651,11172,23394,9277.2,20907,24060,16749,21198,26231,19466,20881,18617,10915,13498,20378,12729,13587,20145,18864,13756,23794,23603,18815,21815,15979,12410,24167,10325,22125,25333,15090,25579,19978,18705,8234,16204,23280,12486,9820.9,20800,21562,14552,23575,19490,22059,18839,23705,17479,19062,26433,16607,18848,18651,20685,21396,18690,19622,9525.1,10935,18138,25591,18733,20071,18224,18484,20439,21626,19884,15261,19404,19651,13292,17375,16775,11330,9474.7,19364,11194,18317,27951,22485,20457,6581.6,17106,28840,11126,29027,35628,24566,27578,28118,27987,25022,16944,18557,27370,15348,26850,25380,16966,26362,32427,27216,24433,14244,28423,12855,24547,35131,29345,24088,24976,22249,24425,22714,20144,18096,30151,18378,25990,27963,25468,35447,25478,26937,25087,14942,24781
161.0295,59132,63083,49694,62326,52451,69292,52034,46269,56325,79116,85885,48842,59009,80822,72727,53955,41909,54162,47730,34504,53111,88089,63186,61705,58114,29144,47190,63587,59794,53223,63674,49877,49750,42746,61861,56743,65837,48505,23828,48473,52900,47000,44106,38122,55937,77321,51575,64962,55363,41488,45739,58283,43003,48941,50317,50383,71952,51480,44359,58399,69007,44938,37117,57809,54143,38494,48548,52047,50152,80873,51317,70033,41139,48620,51212,61581,48166,37751,76779,37110,48332,69213,70914,42944,36879,53419,54884,44034,48208,40468,62458,43598,58042,48815,50205,57865,46749,33834,60527,90535,40802,64639,41445,45772,43248,46348,37926,46917,46475,50269,43514,62365,61931,77215,62775,65270,51624,50390,70609,49646,33079,49141,45395,34717,17454,64397,87974,49926,44700,72984,44643,38409,34728,52043,38861,48533,42871,58858,34835,48263,54006,41416,24057,41597,42730,35447,34809,36206,64737,46052,61442,41683,37444,40530,39708,42764,40425,46101,39246,59679,36040,42588,45754,38375,29355,44166,29403,37847,41996,39125,78167,44261
173.98804,7677.3,6408.5,9308.4,10560,13705,7640.7,10211,16430,17284,19125,12271,14163,7614.8,11880,13472,18138,11907,7126.3,13868,16481,18952,0,10313,8776.5,17257,9852.8,9774.6,4996.7,10035,15636,19044,15007,11903,12432,10739,11940,17269,17485,9471.3,16608,7387.5,14378,8080.4,13888,17434,0,9471.7,8711,16542,13217,12720,7441.8,9197,16610,15904,13578,12504,16271,9164.2,11762,18833,14281,12589,18771,12551,13633,6097.5,16550,16068,0,12823,11047,16631,15828,13120,9681.1,16873,12094,15965,13011,10334,10183,15464,14978,14246,18033,11352,8259.4,17779,13932,10886,10765,16881,14948,12015,7055.2,7844.3,13488,15392,14769,8601,15244,11919,8832.2,14601,7322.6,14013,7608.5,10590,16035,0,9515.8,13198,18297,17127,13780,15091,10413,11519,15568,12421,18745,10346,14591,5682.6,16397,0,10696,8804.4,12770,19666,13336,14967,0,11925,19453,18496,15930,15790,11125,8745.8,15662,9463,22209,7725.6,15062,9996.8,16012,0,13680,8136.2,16262,14248,14926,0,8470.9,17943,19623,16804,13641,14737,9892.1,9358.8,18258,12218,10434,14451,11101,17970,19994,0,13696
133.07219,3553,4165.4,4174.3,8689.5,4233.8,3401.7,3259.6,5928.9,4111,6104.6,6646.2,8304.7,5789.9,5376.6,4076.2,7824.3,6297.1,3438.4,7734.7,7277.5,8044.4,6456.9,3041.8,8198.6,7292.5,7791.8,6447.8,7209.3,5368.2,7716.5,5434.5,8052.5,5352.7,5314.2,3775.6,7916.9,4459.4,8236.5,8232.4,7135.4,6247.4,6036.4,8056.8,6899.1,6840.1,7006.7,5117.9,8391,6744.9,7818.8,3456.1,6691.6,5728.8,6280.8,6532.4,6758.4,4575.1,5846.6,5788.3,5753,5566.9,5238.6,8791.4,7319.2,3566.5,5688.3,7770.8,8031.3,7491.4,7043.6,6277.9,8285.7,7648.8,4816.7,7357.3,5747.6,5987.9,7922.6,6601.9,5749,6014.1,6315.2,5476.8,8127.9,4053.6,7192.7,6653,8238.6,6910.2,8565.7,7178,6823.3,6987.6,6949.4,5879.6,4742.6,6030.6,8343,7148.3,5105.6,7466.1,7441.8,5999.6,7596,4381.4,5699,7633.8,6631.2,5473.2,3809.9,4840.2,4409.8,7382.9,0,7329,7141.7,5893.5,9394.3,6228.1,6557.8,7778.6,5412.3,6884.9,9644.7,6104.5,4790.2,0,5163.3,0,3729.1,5040.7,0,3012.5,0,3931.8,0,3186.1,0,0,0,0,4895.1,2973.1,0,0,3458.7,3418,0,3375,4931.7,3458,0,3578.1,0,0,0,0,0,0,0,0,0,0,5048.3,3168.2,4522.6,5177.3,0,3383.3,5467.7,0,5519.8
407.14259,17141,16081,15194,38298,14632,25238,14068,8158.7,10193,19873,14576,10715,17193,17779,23003,14081,8952.9,14892,12417,11649,12562,24940,17414,36780,9100.2,17028,4596.1,25759,14603,13831,9183.4,17561,17664,11681,12039,15156,22167,10525,8698.9,8509.1,15393,13192,14306,6521.3,13962,22180,15887,36173,12712,13451,0,31263,18103,14892,8997.5,15627,14241,6646.6,13909,18129,24750,16211,13432,13267,14480,12720,13122,4564.6,15858,25746,16185,34112,12828,14537,0,14590,12242,16884,15938,8940.2,13927,20857,23106,15361,8515.1,10748,16512,14122,7302.9,15405,14512,14604,13045,17014,0,22329,9352.2,6443.2,10377,21374,15292,24067,14698,17716,12297,19218,5988.7,14960,11036,8816.5,15303,11813,16878,12082,19232,16662,6762.4,15450,17935,11734,9315.9,9350.8,14846,15977,0,7747.8,25826,14698,20337,74320,16404,20507,0,39814,23480,8379.1,18334,16362,11156,19417,15449,20213,13602,20285,21145,16148,22266,14526,35574,22278,39309,16209,19821,0,42753,20409,21140,11451,16707,19358,14218,19781,18001,12172,11174,19420,18121,21690,10708,14240,30140,19928
451.97517,31521,32225,32872,5573.6,38476,13465,29064,37282,27684,28495,15678,27492,26846,19627,17278,28050,35245,29795,28204,12593,32541,18997,31569,6646.4,30294,35649,34630,14263,32052,36495,26395,30459,15235,32440,30994,16114,16241,28901,34646,18280,24880,32144,21516,14707,32450,15619,28335,3758.1,24819,39236,33559,13889,28381,34695,26571,27448,11224,40127,29824,18345,13893,27782,29211,16558,34868,32453,30241,15820,31667,17340,29245,7111.2,23758,26495,33849,24638,42573,26912,14836,32220,29760,13287,14349,26156,40146,18279,22131,26660,14679,31225,26283,30093,25095,32614,36285,13337,33738,38116,30922,16993,32922,17768,18998,31278,33652,27589,7653.3,31665,32013,35064,18871,35624,31038,27565,34386,16956,40619,30563,21341,18965,33568,24420,33674,36162,34394,10731,22521,29492,33945,3790.3,35332,34423,32270,8186.9,30592,28389,31499,19533,34499,30019,19250,30306,29511,20490,27069,31720,26282,30136,18389,28717,0,27146,33710,38867,10785,33194,31812,33414,27539,15831,33749,28392,25386,31973,35377,32600,32926,26710,13481,32419,18685,30955
167.02071,51882,51905,50083,39550,74431,102490,51474,57971,51873,61555,59076,45255,50111,46073,42958,59932,39936,47031,65043,60790,56265,43509,55078,45925,48547,61671,63795,91396,51068,59910,55469,59290,66676,46432,52656,44984,43209,63184,33925,31354,50977,60922,50060,62366,54077,40934,50703,38470,53461,71088,64863,92499,47664,52675,52666,51561,60416,51571,49902,50680,45618,59118,36924,32374,53423,65632,57133,69611,52627,42308,49989,41192,40427,68144,55858,53261,60458,52397,59675,43487,48644,39828,43696,51916,39150,34956,46948,53490,65027,48672,49277,50342,51631,69744,67372,94720,51950,64393,57353,59527,49408,43551,35067,47119,58373,49261,54881,45724,53929,54804,110030,52213,51966,53952,61218,60956,47836,48489,52159,50343,68492,39807,51404,59139,61371,52924,47539,48195,63424,46143,70553,89982,85373,102510,57376,69626,70468,82042,65719,60780,55555,70516,44240,48556,59817,80062,55830,69886,51080,62336,46539,50751,83151,107840,99687,58803,73926,64221,64630,67836,59104,60786,53033,70029,51542,58033,76222,56698,79417,66168,58606,59594
500.2254,3632.9,0,2260.8,5226.7,3931.1,2103.2,4018.1,4016.1,1989.5,4354.6,2184.2,3879.8,2598.9,5012.7,3750.9,4673.6,0,5823.7,3458.4,3713.1,5101.8,7769.2,4116.8,8493.5,4707.2,5295,0,3357.1,6097.5,5434.1,3756.9,4754.1,5528.5,5690.8,3528.7,7272.6,3289,4983.5,7520.7,5385.7,8248.7,4841.1,5840.9,4631.2,5731.7,7231.3,5545.7,8298.7,7260.6,4231.9,0,3284.9,5964,7624.6,5995.9,8413,4532.2,5504.5,4251.4,0,4254.3,3862,8992.8,7538,4275.9,2330.5,2620.5,0,4187,5279.1,6377.5,9034.6,3878.1,7717.6,0,7460.1,3335.4,6860.1,8126.1,6068,4229.5,6521.6,3345.1,5245.3,7486.3,4788.4,7287.6,2026.3,2999.8,3879.5,4108.2,2958.1,3754.6,4860.1,2540,0,2619.3,2135.9,4093.6,5152.8,2412.5,1937.7,0,0,0,0,3166.6,2887.5,6180.4,3284.5,1969.7,3858.9,3376.9,3576.1,4727.9,2896.3,4405.5,4751.8,3856,2528.5,4014.1,2677.9,5351.6,2658.5,4445.6,4338.4,5750.2,3529.2,5080,10592,0,7568.9,0,0,3702.6,0,5554.1,0,0,5408.8,5740,0,9083.8,0,6427,0,3378.9,6401.4,8014.9,8435.8,13717,0,5473.5,5372.8,3774.6,5100.6,6183.2,0,9909.4,11393,0,13095,6280.4,4886.6,12785,7979.7,5398,6029.7,5548.7,12917,4654.9,7246.9
133.06077,46824,50879,45982,52479,34823,33267,44958,22745,46760,40249,75671,54015,46757,63954,38490,39670,37711,52095,33468,40908,29306,37927,40992,52724,26873,30058,30709,34671,45467,20227,48461,28284,79598,52773,43081,61684,40689,36774,36783,41132,49637,33470,41129,36400,28902,37750,44187,57034,29397,31126,32291,39709,45431,23418,44178,30765,69418,47011,45714,66059,38907,35242,46788,49356,43112,31724,38845,35939,30743,39216,47670,60188,27739,31579,36980,44672,24620,30603,66418,53673,41508,84693,40383,44271,37383,42763,47453,35184,37626,30350,53801,45661,25975,36738,32351,31960,47621,19749,48381,86104,41947,39966,36978,43827,44243,38861,39042,47703,45077,20884,21955,48515,27061,59649,37317,72559,59480,47639,60189,24409,22550,35177,35418,35340,0,50895,41435,49642,39406,80981,22936,31194,33137,33052,48179,48590,25522,58034,42485,41495,60553,38742,38583,39422,47879,28941,40493,21753,35557,42269,48332,27348,29700,27730,33214,44275,21340,41351,28776,69543,49002,42009,48804,32181,41228,37963,32817,40675,40279,29816,32349,45513
314.17101,17436,15422,15102,19450,6223.8,20282,15775,8721.2,10585,14727,16289,6921.8,14707,12348,13107,14956,11376,17687,6552.5,18781,9096.8,20462,15428,20194,0,8528,8537.3,15566,14947,5369.1,7964.9,6007.7,14339,0,14233,15585,11989,11782,0,15940,18074,6558.7,6835.6,17648,0,19035,15436,14917,11529,0,8952.9,21195,11767,6059.5,6930.3,0,16105,0,12827,15550,17835,5419,15474,19773,11932,8715.9,6776.5,15272,0,18506,11689,21753,0,9189.3,10402,18264,10385,14425,19830,5537.6,14572,12046,18592,11505,8786.1,12443,20926,0,11224,0,13678,18981,7370.3,6532.2,15251,14848,14414,7842,16552,21215,15306,0,16851,15847,9751.6,6739,0,14512,12861,9275.8,20587,15430,7747.3,8593.6,6765.5,14887,6711.9,13328,9626,15392,0,9039.2,12106,0,0,13086,16192,14409,14112,29437,8010.6,0,16994,20460,17642,15679,0,14006,0,16789,0,0,0,13452,16638,0,0,0,18757,16004,22831,0,13631,15711,25597,15063,0,0,0,20939,0,15038,0,13600,11210,15462,0,0,18488,0,19554,16856
257.13382,41745,27667,24321,18378,21112,15582,17212,17049,14185,22552,17365,11417,13933,17025,14349,13869,21244,15068,16848,18927,17949,17373,13250,12477,14069,20284,17029,16692,14427,12616,10422,14668,20147,9819.3,16302,18676,12954,15245,17599,17299,17543,12659,16967,16042,17589,8821.5,17196,9224.7,18452,14678,9687.4,17818,14960,17133,10732,12885,18950,18185,16469,11697,14855,12445,16007,17819,15252,16470,14700,21826,12748,17682,15543,0,10765,17293,12463,16961,15625,16557,16294,10186,15499,10780,15721,10475,17309,15430,11442,11032,13740,20112,17756,17770,6255.4,12055,13500,13349,16267,16385,14025,12006,21103,14610,18754,14166,7216.1,13883,6523.2,15120,21405,7236.5,13879,12513,9906.3,11950,15206,10064,20084,17014,0,11835,11732,12270,14048,13172,0,6495.3,9249.6,14582,0,0,0,0,0,0,7173.5,0,0,0,0,7212.5,0,10202,0,0,13567,0,14598,0,0,0,0,0,7608.4,0,0,10081,0,0,8028.2,0,0,7471.8,0,0,0,11114,9210,10355,0,0,0,7523.4
553.32542,14823,16522,12235,7251.6,9610.9,7447.7,19802,5596.9,5066.9,3405.3,6585.1,11356,14344,11343,8436.8,6576.4,6223.5,0,4273.9,7879.5,4807.6,8298.2,12522,8658.5,5908.6,10348,8728.1,8176,13152,7806.9,5529.5,8284.9,5433.8,4272.9,10699,9822.9,7334.5,5674.1,9522.1,7144.9,12455,9956.4,7683.6,9212.1,11307,8075,13233,6544.7,8345,6969.2,8469.6,8612.5,14383,9971.7,9500.8,6490.2,8766.6,10018,7685.6,7383.3,7021.8,4920.2,3510.5,6627.2,11297,6876.5,7834.3,4274.8,5611.4,7688.6,15069,7979.1,8540.5,8347.7,6883.2,10270,6399.5,9045.3,6434.2,4633.5,14321,14597,6837.9,9057.3,8085.1,7378.1,8041.5,7685.9,5799.3,10615,15069,44729,6672.9,6237.1,6496.5,6694,42696,5730.6,6554.6,3027.8,39025,7353.3,6878.4,40738,5365.5,7381.8,5859.2,38097,48753,3045.5,6065.2,37279,6460.8,4688.8,2690.5,6527.2,5952,43227,6010.9,7577.6,7000.7,2586.3,37488,2344.6,4912.1,6239,5769.1,34502,28992,4196.8,6940.1,5528.5,7517.9,8576.7,27946,6538.7,9024.8,5926,8011.3,23540,8161.1,6829.8,6886,4381.5,23573,5726.3,4699.6,8890.3,6598.3,23060,8073,13418,4548.7,6763.7,7325.4,24833,7411.7,6590.2,8395.4,6500.2,10472,21028,6762.1,7894.8,8643.4,21159,6693.5,7066.2,5792.6,8856.6,7089.2,18201
423.97225,4533.8,3009.2,4270,0,5306.4,6663.1,5459,4169.6,0,6210.5,6026.8,4644.3,3453.3,3475.1,4365.4,6672.6,0,4240.5,4754.8,3587.9,7011.2,0,4862.6,0,5940,6182.3,0,7283.3,5287.4,7127.5,0,7560.7,7149.6,0,6742.8,4587.7,4345.5,7515.7,0,3140.7,5158.1,7575,3287,3689.4,6780.3,0,3243.6,2522.8,5937.6,3747.6,0,5805.6,4482.9,7295.1,0,6622,6015.8,7380.4,4760.3,5102.1,3401.4,6578.5,0,2589.7,5501,5738.6,7442.5,4330.3,5901,3059.1,5837.7,0,4962.3,5134.7,4228.3,4831.2,7202.4,7185.8,6317,8252.3,4867.9,0,4421.3,7414.1,0,3972.6,5356.1,6113.6,3666.1,4691.5,2935.1,4494.9,5066.3,5298.2,2653.4,6932.5,4942.8,6294.6,3724.2,4633,5048.1,5435.1,0,4016,6199.6,7067.5,3020.2,4887,4925.5,7261.2,8294.3,5758.5,7351.1,2296.1,8795.1,6572.5,5790.5,4293.9,5902.3,4837.2,8762,4514.7,4178.7,6193,9426.5,2397.4,4452.9,1816.7,4040.3,0,4563.4,7082.1,0,4695.1,5021.5,0,7524.2,7671.3,4511.7,3497.6,5569.7,6920,0,0,4354.3,2525.6,4486.4,0,0,4494.1,0,7108.3,4227.1,0,4809.1,0,4019.8,0,7190.4,4930.6,4967.1,0,5368.8,8481.2,0,4931.7,6384,4397,0,6927.3,0,5031.8
170.0326,2692000,2637300,2570400,4539400,4221100,4090000,2567500,3483400,3271500,4680400,4043800,3617600,2767300,3288500,4091900,5750600,2987300,2758400,4450300,3851900,5362500,3054000,2510100,5257700,3415700,3346600,3855500,3694500,2403300,3564300,3346300,4071200,3071700,2896400,2712100,4355000,3861700,4887600,3388600,4175000,2723200,4822100,4828800,4003200,3832000,3421200,2640300,4464200,4804900,4064800,3679100,3698700,2522200,3317900,3289700,3709800,3930200,3477400,2734500,3988400,4559800,5204200,4614100,4569300,2548500,4223200,4906500,3984000,6590200,3583200,2641000,4788100,3479100,3818400,3641700,3037800,3700600,4121200,4158100,3288500,2649000,2654600,4224400,4042200,4489500,4083700,3084000,4488300,4057100,4956100,2841600,4125800,3866900,4239500,4041300,3942600,3868700,4921300,4469600,3765400,3952700,3783600,4080300,3711100,3834600,4139700,3763900,3802000,3658500,4169100,6152700,3800400,3254900,2688000,3396400,3011800,2902800,3605200,3549200,5915600,6947400,4193400,3476500,3867200,10388000,2915000,3511100,3415700,2448800,2592600,2782200,2721100,2381100,1846300,2361100,2793200,2633900,1671800,1685800,2359700,2650000,2973300,2494800,2825900,2518200,3070100,2952200,3057400,2620800,2442900,3105000,2199400,2780500,2588800,2624500,2501000,2700000,2475100,2550900,1784200,2062400,2673400,2227200,2967300,2601700,2491600,2796400,2933700,2836200,3589800,2556500,2669000
211.10945,17751,19477,21199,15105,12723,11591,15949,15792,15359,17048,16366,15388,14576,13872,15616,11789,20396,17878,15506,13589,15476,15616,16803,14603,18734,18148,11189,10924,16868,13777,16227,17958,16002,13710,14902,10358,14043,14535,16328,15505,16068,13759,11794,10962,15163,12041,15332,17420,14968,14472,13350,10590,16518,17581,15714,14634,14109,13506,14989,11625,11619,14249,15154,12812,16971,12598,13511,10894,14080,16327,13699,14390,16428,15386,11255,12349,12213,15213,13216,15743,15650,16500,13219,14480,16039,11559,16795,15017,12332,13504,12434,11854,9757.2,12477,11282,10260,13643,12434,9810.9,8831.5,17071,10610,7892.6,13357,6757.3,8902.8,6831.4,12515,18361,12038,10499,7223.6,11655,7292.6,9045.9,11491,12477,15142,10496,13909,9712.6,10841,16252,10366,13438,10402,10477,13717,8066.7,14778,13988,10961,7707.8,10584,15105,15179,11840,13471,10306,13883,17894,6004.3,13857,16757,15034,12682,15906,9153,12848,12544,11354,13624,12999,18463,14076,14864,10564,11525,13520,10908,11014,17272,15613,13180,13978,16981,12399,13174,12232,11917,13516,16081
203.05255,4089700,4270500,4200000,6057400,3094300,4336500,4081100,2403800,2558800,3886100,3668900,1792700,4188500,2900700,3454300,3802000,1497200,4185100,4222900,3773500,3562200,6654600,4223200,6221900,3827300,2608000,2781800,4348000,4158000,2538200,2636200,3353300,4323900,1887700,4096100,2778900,3497400,3939400,1460800,3210000,4249100,4545300,4529300,3432100,3399200,6800100,4238700,5688500,3896900,3307100,3075100,4710400,4201900,2521700,2635200,3095400,4098400,1842300,4329500,3418600,3629400,3615900,1702200,3386200,4319900,4278800,4749700,3661600,3556500,7374300,4362200,6374600,4541700,3198500,3147800,4250900,2578600,3465800,4036900,1873300,4239100,3224600,3403300,3694400,1591300,3338000,4355000,4664200,3654500,3544900,4395800,4082000,3740600,3392000,3046200,4365600,4283800,2485600,2919600,4582100,3988400,3490300,3098400,4209400,4571200,4758100,3562400,4226500,3967500,3695400,4553900,4239900,2756300,2867900,3882000,4043900,2150700,4444500,3136000,3275600,3241700,3160800,4012200,4996800,3713700,3951900,8269800,4376500,3194000,5945000,2854500,2604500,2839800,3901900,3206300,2092600,2351500,3254100,1533700,2992400,2400500,3092600,1188800,2479000,3169700,3369000,3683500,2608000,5656200,2973500,4563300,2519200,2436200,2961800,3588700,2947500,1857200,1858200,2442800,3323700,1411800,3140000,2083200,2873200,1183900,2928300,3433100,3505300,2913900,2740800,5409900,3160300
170.06172,27398,26912,27181,20296,32429,39106,31770,26346,22071,32088,27349,21122,28650,20880,15902,28844,21532,26230,30554,34489,24018,24276,30630,23258,29270,29479,37296,40642,31371,26602,27313,26975,28880,23628,27958,21415,17515,29690,21479,21547,29142,39853,27482,33212,27534,27552,29203,21219,29285,33176,41717,42676,25799,25470,25290,22981,30255,25838,28889,24771,18285,30871,21822,17271,32592,34854,24470,36676,28059,23863,26884,22662,27972,30387,38788,26241,27474,22969,25224,23064,28346,21361,18192,28816,27257,18674,33619,23977,33772,24633,28633,29072,27130,34131,39503,43156,25109,25666,25929,29201,28563,13998,19408,28338,31996,23001,29846,28102,27898,23359,42035,27940,23429,20412,26007,28444,20702,29032,20216,21704,30222,19628,29312,36428,32297,32382,31439,25351,26824,20621,23408,30748,27972,31052,24872,21596,19481,29495,24098,23407,19369,21389,22374,19284,27519,28674,20013,21497,20917,24571,21568,19270,25862,34393,33544,23774,22130,25529,23135,24162,20259,23669,17962,25152,18419,25017,31797,20388,27106,20328,20132,22828
324.24879,24920,25528,27392,63988,63236,53585,28043,78525,63500,55815,62397,71405,28868,72627,75790,68929,77967,28989,69459,57193,75557,68231,25809,60398,66129,75693,78666,68271,28342,75466,61293,65156,63017,76206,26212,78159,69707,69810,77510,67935,29934,53422,66440,72587,95278,72010,26377,66726,69091,66762,69396,59438,30722,85099,65276,83665,63221,71751,25825,57531,63265,71417,68447,57544,30062,56754,58897,66836,74357,63834,27784,59897,70055,72980,67532,27263,79676,61578,61696,73139,30619,113860,71059,70831,66192,68544,26899,77059,62173,89637,26611,23206,68921,63139,75209,67723,29331,68175,58787,51390,33705,81211,61097,34710,55637,68143,73541,30430,41824,66895,64777,37285,71309,72506,59800,77559,64265,37642,68409,68746,79655,77898,32017,65477,73686,81136,58313,31260,39526,63858,58149,82613,74314,77029,39486,62592,90967,80971,109530,41568,84853,73336,80414,79484,43994,68865,79288,100940,75818,47467,78997,97146,77950,65311,80625,42474,92712,78938,89424,79053,91731,37988,91816,83859,88709,42428,68696,79093,76673,77608,67547,32050
245.13234,0,7594.4,6653.1,11540,9090.3,11306,8739.2,12301,9461.2,18379,11590,15548,11355,12015,14602,16153,12420,10989,12958,18010,18913,13211,11278,28613,12664,14526,12717,9626.5,8151.1,10813,10891,14462,12776,8001.8,5851.8,10227,11393,16177,19836,17437,12350,13080,13008,13605,12466,17853,13609,21954,18615,13842,10790,13895,11470,13518,11489,14260,11815,10389,11329,15216,14815,17827,25252,16454,8619.9,19216,18748,12584,21084,15308,10293,22289,13673,15036,11056,15735,16010,29242,18352,15919,12639,12651,13117,16370,23549,14817,18462,20265,14653,26589,11879,9573.5,9593.5,13590,6981,9919.2,14060,13371,20706,25964,11554,12208,16221,15114,17431,16066,17091,17962,16963,16888,19749,17899,16899,7917.5,21767,14502,15836,18695,14962,13333,16643,17317,19989,23892,20260,13937,23819,19662,0,13520,0,7259.8,0,0,0,4883.2,8109.8,5613.2,0,10365,4592.3,10799,10527,14399,14432,9674.3,13289,9446.9,15171,11829,15777,0,0,0,7215.7,6611.2,0,0,9085,6371.8,0,11861,0,8118.5,11312,7544.2,10483,7189,12381,15960,13165,11540
102.09132,30245,26752,29468,45810,33451,32783,27384,36521,38301,50658,29597,36311,28158,23476,29724,33437,29466,30250,40242,44312,33872,30146,26695,55298,44374,34458,40848,25693,25225,35363,37132,39246,25463,27312,27789,29079,37325,36419,29229,41441,24948,43206,29727,35705,28808,29580,31126,53325,39183,33777,38263,29776,26697,37272,32269,35914,29348,27694,27316,25362,35760,34725,32307,41335,27205,36429,30022,34617,34015,29664,29501,47837,38789,32964,42896,26832,33574,32267,29191,33639,26782,0,30063,34796,28088,38588,30792,26630,37362,33395,30650,33450,33459,38604,39895,26872,31512,35060,42300,31816,31906,34882,34171,33360,38429,30435,42767,27798,34030,32702,26068,34737,51980,36723,38298,28476,35629,36593,24523,27147,28278,36105,34096,39468,0,45418,32150,32707,93392,119100,129730,119170,145810,71319,93914,149180,115550,68954,106590,92383,53051,96981,103070,147420,94278,138020,84993,94442,91957,88320,116750,104010,125410,142360,73641,70358,107870,101510,97699,63916,87919,85012,53001,82446,98839,84946,112490,79978,106990,98445,87941,93222
474.32861,49068,41777,51081,17988,10760,214320,37068,9870.7,42038,7333.6,66249,0,33749,51465,85734,12684,8347.7,30840,7783.1,76125,0,43343,34322,13492,9199.1,10181,151620,181930,31766,0,40603,10661,63145,0,38284,36298,72544,0,10938,45688,24605,10825,0,87525,6665.1,35865,31849,10307,10856,6599.4,115700,170620,35663,0,50714,11962,49982,0,39042,54196,71435,8003.9,8917.6,58402,35624,0,15930,57743,9369.6,37751,31980,17689,7747.5,7530.5,104710,25684,9370.3,6788.9,50030,11283,36398,41950,76424,0,0,51389,29848,8887,74918,14144,26692,27464,0,0,84518,186800,36303,0,47287,70070,21488,89351,64227,27528,7965.9,8363.7,58426,28566,23724,12811,184050,26161,0,53731,10249,57511,9926.7,24278,40769,64366,8788.8,65532,29126,8684.6,13877,75399,35150,24614,30518,10002,0,0,88666,137370,33717,55001,8730.8,57229,0,31937,51264,10479,0,63118,32479,12663,13393,0,39814,30149,16455,0,7398.8,96861,126560,37920,11803,54318,8837.3,59169,13231,31688,50242,0,14222,34874,13411,16394,65937,8357,40908,32694
263.13186,69471,70045,66617,106590,45794,35937,66570,67631,75043,81782,51795,77272,67110,37479,84930,71372,54749,73232,66996,60906,88386,63517,55813,107820,70725,61438,87338,36687,61053,57195,73072,64621,66115,76284,57908,39130,69395,56253,71226,90289,67270,71913,140880,56105,66139,64907,71130,99089,80006,54103,80717,38039,63458,63957,66824,68699,54250,64373,70815,38680,78956,65364,84676,89816,59719,54245,121750,50766,103980,59998,64908,100340,81420,50840,89329,69145,62021,68595,60558,78311,61869,37606,69008,59743,68506,82508,76031,126410,52849,101970,71081,72721,83438,64719,98005,34322,72265,68317,86332,59314,73706,74535,83964,76676,67886,136230,59203,72731,69479,80724,46367,75758,69009,58384,59767,48015,82815,74905,39659,80142,66652,76888,64628,79896,135490,48327,66844,67383,62673,107370,74414,52527,94515,40623,65440,63775,52309,39598,70512,57742,36411,58721,64205,72482,64542,57662,129060,74229,65245,59590,96432,70557,48417,86243,35869,57021,60171,64643,55898,51518,59567,66770,32458,61887,58275,60208,59932,117420,43412,82020,55605,61050
402.31166,4707.4,0,5265.3,28322,10120,20256,9200.2,16402,24239,0,24548,25982,9548.9,26251,37896,10543,22076,7066.5,15896,27794,0,24321,9045.9,30652,19617,18819,15869,24061,4232.6,14154,26439,6478.5,24629,22752,0,27750,29078,9755.3,32501,33382,0,7208.5,12629,29575,20932,35209,0,25351,17025,8641.4,21730,20850,4433.6,16428,23532,10834,19218,14000,5040.8,13337,27844,13982,27515,30502,0,7550.8,0,32411,13881,29112,4118.4,23427,13727,10083,23285,8672.2,16793,7884.2,21298,22680,6606.1,50076,32079,7147.3,22907,34748,0,20885,30563,29394,9835.8,0,24126,11713,19293,21332,0,12589,22865,19350,0,35398,38540,0,12374,22813,41791,0,0,20120,20801,0,18247,31222,12931,26835,21524,0,23883,25701,11600,28563,0,0,0,33026,25566,0,7993.8,29335,12574,14462,26581,28860,0,21371,0,22536,23255,7802.8,22806,12496,28160,30461,0,0,0,13609,34257,6241.9,30326,26518,9965.6,19964,31038,0,15033,21983,14174,22865,21016,0,27720,15412,23174,0,9225.6,0,28682,0,27324,0
386.21715,31274,53905,14143,33462,11749,30021,44861,158000,196500,118750,0,28564,22314,99396,132340,28513,137030,26236,94663,258210,143240,121340,38962,97997,210980,77017,13105,14284,39077,27148,157440,115360,266280,131140,11631,215330,150240,141320,146550,116600,13102,7859.3,25538,18367,132110,281440,40198,70661,30435,35631,60197,72432,32089,43880,40202,93753,57984,0,18099,79917,90539,0,70044,26931,34946,5376.4,80781,195790,123130,97836,40241,35105,92510,30088,158980,5990.9,123620,63720,104320,234010,24574,102630,140740,22211,66614,45955,20844,71988,133740,174940,37911,40326,172780,41525,225580,19579,12982,149230,104160,78990,25190,35654,5122.5,51247,31467,34296,306970,12228,61339,78003,93944,20396,57652,169520,129710,236980,87492,39233,244130,94427,237190,96570,34318,197360,93072,374050,111520,31696,99315,185820,57404,290830,129610,194490,101080,93900,141880,244490,282350,66547,70512,312710,218170,94033,65601,183890,230800,310360,313420,59593,207060,155960,108220,215250,348850,52086,200130,88767,154890,114810,321000,39324,169600,111290,287410,62701,212640,158190,231890,194380,352550,43704
228.99584,29248,29777,22773,22517,18727,19172,24497,14424,26408,18880,21461,24791,26354,22017,21117,22450,16180,23712,19577,27367,17219,23259,24185,24798,22089,14964,19253,21921,21554,16999,23934,18840,21050,18291,21345,21228,23279,23894,24635,28325,25827,21547,19606,20204,8702.8,25101,29110,23418,21481,21602,24791,25869,28089,17227,26181,14156,22794,18292,24791,28947,26039,21174,21730,26820,23167,21609,17876,19608,21527,24221,24089,21739,22102,11468,23368,26716,16149,22960,26431,21403,24391,10012,19308,17613,19869,24386,27299,18703,23289,16292,24079,31536,18415,20201,27448,19005,31921,20017,32432,40718,27420,27892,26070,33247,27178,19030,24792,32341,19308,18723,18941,26378,16599,21676,20777,23344,23946,27121,20475,20551,15062,21803,26055,20844,6111.4,17440,23481,26121,32052,44950,24214,24000,27033,27841,28167,32873,19190,24150,21180,34802,27460,25639,23350,29487,31198,26018,20644,22701,27292,30986,24525,18042,20868,24427,25970,22017,19275,24736,15015,22763,13431,31281,21390,23064,21110,20414,24504,20247,22727,21497,22902,30661
470.9348,24211,18865,23850,22544,28833,41116,22037,16724,33694,13984,27427,9146.6,19649,23105,21051,20574,10016,21447,23642,35536,13964,18589,23346,19288,13875,23708,58788,38676,22055,19171,31452,20183,26711,11815,26172,21238,24448,27308,9522,18536,16838,24054,9894,38402,15384,15324,20346,21519,15289,25959,51751,35138,23516,17437,33446,15859,25841,18320,25851,27920,22472,26691,5193.4,18151,21429,30906,19466,38400,14664,14791,19920,22739,11510,16844,43137,15869,18872,16428,22114,11463,23005,12943,21326,23826,10927,18327,18840,12509,43488,13381,19017,20897,16238,19157,46058,48044,20585,18620,37367,24339,21920,28557,26375,20526,25653,13442,35463,21852,24521,20619,44541,26199,14412,37227,16195,31545,11406,21769,29919,33780,36815,34941,24298,25515,23989,35088,19668,18108,24729,15857,20924,25137,41031,28327,19872,37376,21325,44209,12656,24901,24369,28323,10856,23985,19844,28493,15257,16381,13003,22226,22455,17686,24364,48483,31837,25527,18498,45267,14643,28150,14811,21685,31029,26115,9101,27578,23802,13680,41336,15299,16533,24586
242.07889,829420,762730,859350,641070,839920,491390,788590,816720,957040,612830,513590,638740,844540,700800,595440,449090,741680,785080,567610,500270,462630,445030,844710,692160,735270,671920,659430,563500,823450,959530,855690,773630,558020,658500,905800,692660,696040,499430,790850,916180,849430,629700,406070,654770,403730,498270,794410,639320,794940,878710,704550,577560,950080,935630,1068400,735540,578210,889980,956600,972940,665380,617270,666390,835600,874660,690950,509730,523290,394200,504630,839260,670850,813490,758080,566730,882350,1012900,876700,583360,700470,1021300,639700,738710,522370,917610,1018900,742700,492270,625730,481410,745360,852580,655800,786950,679000,640840,843740,1132800,1013600,536720,863070,753560,1102700,783140,633800,394340,503190,811840,582120,844870,708370,620020,802640,779930,651550,510840,612450,626660,771570,968380,741170,1055200,811480,593020,922980,424530,507440,705630,603170,363610,774200,612020,497170,461720,627840,946360,618410,438020,579320,625540,762910,404520,661280,849360,703290,545470,324290,363350,421500,668810,451780,549080,636670,558740,407910,714580,728560,836230,624080,501000,478270,707820,680060,424220,702760,701420,504700,349310,472340,366670,396650,683000
370.19102,22651,36851,8957.7,29233,15853,28144,22044,74834,67125,70616,0,31748,18829,42882,55369,24231,56205,13578,43631,83516,63885,54360,21867,45503,74022,45833,12314,15830,20386,23215,48500,49495,86758,52832,6736.8,62655,67077,57183,59034,43332,9015.3,10659,21331,20005,59951,81628,22370,42815,15556,25767,34079,34497,18702,28730,26650,54322,24640,11299,9351.7,40444,36898,10775,38913,23523,16774,35695,37622,90830,52993,78484,19471,22105,42757,23337,62802,3382.9,44337,32456,32756,72588,12402,77223,51777,15179,33534,29941,10245,39558,66677,75313,20709,34534,70536,27135,100490,17141,17371,113360,49763,42696,21960,35751,14727,44427,34592,31211,119280,14778,48505,64958,65568,23306,64974,57006,72217,81470,82230,34504,93550,90598,79868,58598,29677,102940,88081,85841,79130,23316,57658,105550,40308,114940,81492,76310,52789,47755,78481,95217,102270,36474,41768,125190,79638,52842,34130,67687,85447,120010,109150,29348,91277,81501,50603,89165,129080,24440,82884,46943,71499,53368,136800,20612,73847,52829,92611,29654,81819,63004,84978,83200,107940,24779
336.94224,19037,17438,18737,26110,29739,25090,17658,32899,7807.9,35453,10494,19014,19601,23171,22141,24064,19934,18409,24191,7110.9,33730,17401,19616,29588,27759,29185,0,25443,20022,30000,7526.7,34502,11420,19074,19309,19474,25599,29311,16420,16248,17134,23837,26481,10077,35232,16040,17789,27700,27966,32891,6808.7,25511,21364,30420,7966,31342,11504,21742,18256,23297,23077,25838,16664,11812,19675,24443,29061,7203.9,31556,18032,19092,27859,26931,25419,5571.2,17518,32993,32908,12961,20193,17931,20107,25070,25559,17094,12203,17732,28129,11429,26224,18039,20498,26656,30588,5379,23471,20209,27468,10818,11453,19367,25606,16050,22272,26517,30442,12683,18236,17314,32407,23824,22657,34685,10523,34568,13024,22588,19123,24823,23729,28410,15558,21147,25067,25427,10265,20010,19762,19979,26915,32107,32596,0,22920,20877,11236,34413,14535,22380,18026,22316,31191,19101,16683,18026,23991,25742,32358,17692,18134,32116,29262,29065,6916.4,23314,19123,33509,9245.8,32115,11897,21850,17226,24135,28670,14339,19924,22468,26582,9426.6,27293,22545,19588
174.9828,13421,11361,15272,12022,22575,10229,14277,22176,24043,25315,20599,21549,14002,15755,23701,23951,18706,15263,22621,22383,23318,0,17449,15925,28384,18387,16914,8817,14928,22385,26726,22200,21968,17930,16449,16615,27997,23768,15489,28939,14223,21251,14208,19802,25636,0,11379,12900,24832,20764,21769,10970,11938,21412,24393,19792,21794,19536,13387,19586,26192,22528,19089,25740,13494,21754,15513,25496,25712,0,12107,16017,22284,20289,16953,13414,20512,22763,21827,19784,13208,16908,24435,23076,16453,26435,14639,15314,21935,22803,12322,15325,27948,21602,21092,10996,12971,18929,22460,21373,15197,23798,24349,16374,24467,10803,21242,12049,13392,19887,4711.9,16342,18584,27168,23627,21078,24190,13221,14819,22308,18886,25122,13126,21562,6473.4,29529,0,12911,17058,21111,31330,22235,20419,12944,16436,32701,26164,22117,23834,13246,19378,26207,21907,32660,21689,23869,12015,28779,0,19653,14793,23879,22855,24205,11384,18815,28017,30370,28065,22801,23654,15358,20784,23874,21155,17958,21867,18132,30186,27623,0,17911
136.0474,153380,153000,149210,185000,158640,172140,157030,129020,133900,176590,188310,166960,167020,156900,144700,207310,164670,168060,193670,183090,232500,173950,151710,233700,155240,142420,175860,157750,149340,131450,139510,159130,142890,146240,160170,202080,140060,205700,219770,183640,155280,203760,210390,190970,173730,196420,163080,224250,188150,150820,174220,166610,153800,117880,128920,133800,174490,163840,169430,195490,160010,206310,256590,188360,154020,198960,225180,195090,273810,192490,160080,225230,213910,152960,177990,182240,133730,181040,182190,153800,175600,135740,151710,199480,245480,166530,162440,220000,217690,243790,175420,204310,152600,159090,177670,157800,193860,183820,184480,175600,199970,121860,155440,188910,174690,183820,186630,212170,203120,185220,258590,192650,124790,110250,134050,135470,141660,206740,145870,203300,280910,171820,190630,205030,483400,149130,203030,200140,113660,108710,107650,96993,95494,63859,102890,103050,88747,77170,77348,111890,101970,111580,123480,105640,114220,125510,117490,122580,130700,125200,117120,90842,95033,101010,95433,138790,96861,104980,100930,87636,93040,131200,94925,105530,142310,119150,114830,118700,122100,148320,132590,121830
144.10058,9722.9,9932.3,10926,8719.9,8283.1,11563,9222.7,8478.9,9101.7,11625,10474,10589,10311,9466.1,10639,8619.5,9176.7,10628,8492.3,11924,6351,10004,8235.7,10360,10076,8309.7,8307.8,11049,9010.8,8394.2,8832.8,9437.2,10993,8354.4,9158.6,10003,10420,7478.6,10970,10961,9101.1,9177.3,9987.4,10524,6566.3,12008,9425.6,10032,10477,8785.2,8690.1,14221,9703.1,8735.1,7702,9371.8,10881,6927.6,8724.4,9523.1,12006,7899.9,11856,12174,7538.3,7823.4,10292,10024,9409.9,11466,9740.2,9534.7,10344,7145.4,9350.6,9728.3,7664.5,9766.6,9925,6922.8,8336.8,9418.2,9900.7,11940,9888.8,12018,8796.7,8751.5,12062,7930.6,10125,11106,10281,8659.4,8941.6,10701,10912,9966.2,11316,12334,9202,11565,11162,8618.2,11580,10868,11293,10134,10590,11828,11484,9535.7,10003,9223.6,9210.4,8971.5,10304,9815.7,9020.3,8607,9089.9,11864,9313,9669.5,12022,11262,12774,10399,10866,9648.6,13282,10476,8191.2,10913,10058,9104.1,13004,9111,11563,10093,7901.2,11071,14264,11318,11032,10662,13803,10587,11793,12109,9459.5,12877,11514,10108,10298,8692.1,10408,7454.1,11490,8288.6,9328.8,10805,8246.9,10280,13604,9861.5,10687,14921,11274,13996,11498,11360